keyword_id,keyword_size,candidacy_id,keyword_name
,470,100118984,전
,310,100118984,현
,300,100118984,대학원
,300,100118984,제주
,300,100118984,등
,250,100118984,졸업
,200,100118984,산업
,200,100118984,것
,160,100118984,억
,130,100118984,수
,130,100118984,문제
,130,100118984,현안
,110,100118984,해당
,100,100118984,충주시의회
,570,100119871,편입
,50,100119259,출신
,400,100120234,것
,100,100118342,부시장
,720,100119058,졸업
,80,100118328,민주당
,90,100118984,중퇴
,90,100118984,1차
,90,100118984,저
,80,100118984,충주시
,80,100118984,회장
,80,100118984,충북도당
,300,100118846,제주
,400,100119871,것
,330,100119871,대학
,320,100119871,씨
,260,100119871,수
,190,100119871,이
,170,100119871,1
,170,100119871,학교
,150,100119871,말
,140,100119871,등
,140,100119871,편입생
,130,100119871,졸업
,120,100119871,공부
,110,100119871,생각
,100,100119871,수도권
,100,100119871,자신
,100,100119871,대
,100,100119871,학생들
,40,100119259,등
,40,100119259,■
,30,100119259,해수부
,30,100119259,국장
,20,100119259,공보관
,20,100119259,공무원
,20,100119259,부산
,20,100119259,정통
,20,100119259,과장
,20,100119259,입문
,20,100119259,원주
,20,100119259,후
,20,100119259,사장
,20,100119259,보훈처
,20,100119259,졸업
,20,100119259,1남1녀
,20,100119259,행정고시
,20,100119259,충북
,20,100119259,22회
,430,100118289,전
,180,100120234,나
,170,100120234,우리
,160,100120234,민주당
,140,100120234,대표
,140,100120234,때
,130,100120234,대통령
,120,100120234,한나라당
,110,100120234,번
,110,100120234,정치
,110,100120234,개헌
,100,100120234,후보
,90,100120234,얘
,90,100120234,햇볕정책
,90,100120234,김대중
,90,100120234,사람
,80,100120234,김무성
,80,100120234,말
,80,100120234,전대통령
,80,100120234,생각
,60,100118342,성균관대학교
,60,100118342,박
,40,100118342,행정부시장
,40,100118342,미국
,40,100118342,행정고시
,40,100118342,대전시
,40,100118342,업무
,40,100118342,등
,40,100118342,행정자치부
,30,100118342,저
,30,100118342,시작
,30,100118342,인디애
,30,100118342,국가기록원
,30,100118342,합격
,30,100118342,대학
,30,100118342,24회
,30,100118342,대통령비서
,30,100118342,근무
,30,100118342,행정학과
,290,100119421,전
,700,100119058,군복무
,550,100119058,"마친사람,"
,410,100119058,②한나라당
,190,100119058,통합
,180,100119058,대학원
,150,100119058,전
,140,100119058,④정당
,140,100119058,창원시
,130,100119058,정당
,120,100119058,무직
,110,100119058,행정대학원
,110,100119058,등
,100,100119058,행정학
,100,100119058,사람
,90,100119058,②열린우리당
,90,100119058,의원
,80,100119058,58
,30,100118328,예비후보
,30,100118328,오중기
,30,100118328,포항
,20,100118328,제19대
,20,100118328,변화
,20,100118328,오
,20,100118328,총선
,20,100118328,야권통합
,20,100118328,도전
,20,100118328,대한민국
,20,100118328,오전
,20,100118328,지역위원장
,10,100118328,"동아일보사,"
,10,100118328,“변화
,10,100118328,중앙당
,10,100118328,시대
,10,100118328,지
,10,100118328,역설
,10,100118328,일군
,280,100118846,등
,200,100118846,것
,200,100118846,산업
,130,100118846,현안
,130,100118846,수
,130,100118846,문제
,90,100118846,저
,90,100118846,1차
,70,100118846,지역
,70,100118846,이
,70,100118846,지원
,70,100118846,도민들
,60,100118846,▲지역구
,60,100118846,희망
,60,100118846,학력
,60,100118846,부동산
,60,100118846,정치
,60,100118846,▲대표
,60,100118846,▲주요
,490,100120192,것
,390,100120543,대통령
,140,100120320,울산
,130,100119276,성대
,820,100120043,졸업
,180,100120580,나
,120,100119240,갑☆당선자
,1080,100118386,전
,100,100119871,경쟁률
,90,100119871,정원
,170,100120123,것
,390,100118289,납세액
,380,100118289,재산
,220,100118289,졸업
,180,100118289,정당
,120,100118289,병장
,110,100118289,서울대학교
,70,100118289,민주
,70,100118289,선진
,70,100118289,국회의원
,70,100118289,대학원
,60,100118289,충북대학교
,60,100118289,변호사
,50,100118289,한
,40,100118289,0
,40,100118289,법학
,40,100118289,법과대학
,40,100118289,육군
,40,100118289,여.민노
,40,100118289,병역
,430,100119118,전
,60,100119283,것
,200,100119421,정당
,120,100119421,민주당
,80,100119421,"한나라당,"
,50,100119421,서울대
,50,100119421,자유선진당
,50,100119421,단국대
,40,100119421,국회의원
,40,100119421,충청남
,30,100119421,무소속
,30,100119421,경제학
,30,100119421,법학
,30,100119421,대학원
,20,100119421,정무부지사
,20,100119421,제18대
,20,100119421,한서대
,20,100119421,행정학
,20,100119421,경원대
,20,100119421,경영학
,20,100119421,재학
,700,100119360,병역필
,80,100119058,출마
,80,100119058,시민들
,120,100118394,전
,2490,100118816,무
,370,100118845,등
,240,100120192,등
,190,100120192,인천
,180,100120192,수
,140,100120192,주민들
,130,100120192,사업
,120,100120192,행정타운
,120,100120192,문제
,110,100120192,지역
,110,100120192,▲
,100,100120192,재정
,90,100120192,전
,90,100120192,시장
,80,100120192,인천시
,80,100120192,사람
,80,100120192,추진
,80,100120192,생각
,70,100120192,도시
,70,100120192,세계
,70,100120192,추천
,40,100119438,졸업
,290,100120543,책
,280,100120543,전
,240,100120543,김정은
,240,100120543,그
,210,100120543,때
,200,100120543,등
,200,100120543,리더십
,180,100120543,것
,170,100120543,수
,130,100120543,소장
,110,100120543,대통령의
,100,100120543,최
,90,100120543,시절
,90,100120543,정치적
,90,100120543,아버지
,80,100120543,김정일
,70,100120543,학습법
,70,100120543,중
,70,100120543,영향
,10,100120197,동아
,100,100120320,후보
,80,100120320,박
,80,100120320,울산시장
,60,100120320,성공
,60,100120320,재선
,60,100120320,유치
,60,100120320,당선
,60,100120320,이번
,50,100120320,한나라당
,50,100120320,2002년
,40,100120320,울산광역시
,40,100120320,경남
,40,100120320,기
,40,100120320,합격
,40,100120320,행정고등고시
,40,100120320,제일중학교
,40,100120320,후
,40,100120320,대한민국
,40,100120320,역임
,120,100119276,출신
,90,100119276,교수
,70,100119276,의원
,60,100119276,전
,60,100119276,장관
,60,100119276,졸업
,50,100119276,위스콘신대
,50,100119276,정부
,50,100119276,비서실장
,40,100119276,청와대
,40,100119276,총리
,40,100119276,후보자
,40,100119276,인선
,40,100119276,박
,30,100119276,인수위
,30,100119276,당선인
,30,100119276,등
,30,100119276,박근혜
,30,100119276,석사학위
,800,100120043,전
,370,100120043,대학원
,330,100120043,"▲민주통합당,"
,230,100120043,전북대학교
,170,100120043,행정대학원
,160,100120043,법학
,160,100120043,의원
,150,100120043,박사과정
,150,100120043,민주당
,150,100120043,"▲민주당,"
,140,100120043,서울대학교
,140,100120043,원광대학교
,130,100120043,수료
,120,100120043,전주대학교
,120,100120043,전라북도의회
,110,100120043,예비후보
,100,100120043,행정학
,100,100120043,고려대학교
,100,100120043,회장
,70,100120580,때
,60,100120580,것
,60,100120580,공부
,60,100120580,시편
,60,100120580,형
,60,100120580,어머니
,60,100120580,23편
,50,100120580,수
,50,100120580,때문
,50,100120580,학교
,50,100120580,말
,40,100120580,선생님
,40,100120580,내
,40,100120580,서울대
,40,100120580,잠
,40,100120580,주님
,120,100119240,졸업ㆍ현의원)
,110,100119240,을☆당선자
,40,100119240,분당구
,40,100119240,법대
,40,100119240,동안구
,40,100119240,원미구
,30,100119240,대표
,20,100119240,위스콘신대
,20,100119240,"1,039▲이대의(정)"
,20,100119240,"42,405▲이정국(민)"
,20,100119240,"2,764▲윤용호(무)"
,20,100119240,김태년(민ㆍ47ㆍ경희대
,20,100119240,전하진(새ㆍ53ㆍ연세대
,20,100119240,석사ㆍ17대국회의원)
,520,100118386,졸업
,490,100118386,이사장
,440,100118386,건국대
,440,100118386,골프
,370,100118386,병역필
,350,100118386,0원
,300,100118386,"군필,"
,270,100118386,정당
,260,100118386,안양시의원
,260,100118386,의원
,260,100118386,등
,260,100118386,한
,190,100118386,수원시의회
,180,100118386,석좌교수
,160,100118386,리스트
,150,100118386,사장
,150,100118386,회장
,140,100118386,것
,140,100118386,김경희
,570,100119740,후보자
,170,100120123,등
,130,100120123,원전
,80,100120123,원주
,70,100120123,석탄공사
,70,100120123,탄광
,70,100120123,원자력
,60,100120123,몽골
,50,100120123,이전
,50,100120123,때문
,50,100120123,전
,50,100120123,약
,40,100120123,에너지
,40,100120123,원자력발전소
,40,100120123,사람
,40,100120123,사장
,40,100120123,수
,40,100120123,홋고르
,40,100120123,강원
,30,100120123,저
,100,100119980,것
,390,100119118,납세액
,380,100119118,재산
,220,100119118,졸업
,180,100119118,정당
,120,100119118,병장
,110,100119118,서울대학교
,70,100119118,민주
,70,100119118,선진
,70,100119118,국회의원
,70,100119118,대학원
,60,100119118,충북대학교
,60,100119118,변호사
,50,100119118,한
,40,100119118,0
,40,100119118,법학
,40,100119118,법과대학
,40,100119118,육군
,40,100119118,여.민노
,40,100119118,병역
,470,100120351,전
,10,100118943,운동권
,780,100118613,것
,60,100119283,목포
,50,100119283,예비후보
,40,100119283,신예
,40,100119283,정치
,40,100119283,공무원노동조합
,30,100119283,무명
,30,100119283,선거구
,30,100119283,졸업
,30,100119283,“목포
,20,100119283,전
,20,100119283,수
,20,100119283,대통령
,20,100119283,중
,20,100119283,김두관
,20,100119283,“이번
,20,100119283,20대
,20,100119283,‘김한창
,20,100119283,일반대학원
,20,100119283,40대
,450,100119630,후보
,340,100119360,천안시의회의원
,240,100119360,정당
,220,100119360,단국대학교
,140,100119360,45
,140,100119360,여
,120,100119360,해당
,120,100119360,정책경영대학원
,120,100119360,졸업
,120,100119360,41
,100,100119360,행정학
,100,100119360,호서대학교
,90,100119360,나
,80,100119360,부위원장
,80,100119360,37
,80,100119360,51
,80,100119360,천안시
,80,100119360,자유선진당
,80,100119360,43
,60,100119360,경영학
,100,100119289,박
,80,100118394,출마
,80,100118394,현황(▲예비후보
,40,100118394,경남도당
,30,100118394,경남
,20,100118394,△출마예상자)▲
,20,100118394,민주당
,20,100118394,경남도
,20,100118394,고려대학교
,20,100118394,행정대학원
,20,100118394,경남도의회
,10,100118394,의령축협조합장·무)◇경남
,10,100118394,진주갑
,10,100118394,(부산·경남=뉴스1)
,10,100118394,합천재향군인회
,10,100118394,경남교육의원△조형래(47)
,10,100118394,부의장·새)△
,10,100118394,박일호(51·전
,10,100118394,합천군수[ⓒ
,10,100118394,회장
,1270,100119719,것
,1380,100118816,전
,400,100118816,53
,350,100118816,재학
,350,100118816,49
,330,100118816,대학원
,330,100118816,55
,310,100118816,48
,280,100118816,51
,280,100118816,50
,260,100118816,58
,250,100118816,중퇴
,250,100118816,영남대
,240,100118816,경북대
,240,100118816,54
,230,100118816,상주대
,230,100118816,61
,220,100118816,60
,210,100118816,57
,200,100118816,56
,400,100120277,박
,370,100118845,수
,290,100118845,감귤
,230,100118845,제주
,210,100118845,서귀포시
,170,100118845,것
,170,100118845,발전
,160,100118845,문제
,150,100118845,해결
,150,100118845,현안
,140,100118845,경제
,130,100118845,지역
,130,100118845,서귀포
,120,100118845,변화
,120,100118845,산업
,110,100118845,우리
,100,100118845,도민
,100,100118845,고향
,100,100118845,생각
,90,100118845,이
,40,100119438,서울대
,40,100119438,▷2010년
,30,100119438,▷2008년
,30,100119438,▷1982년
,30,100119438,설립
,20,100119438,심사위원
,20,100119438,▷저서
,20,100119438,▷2006년
,20,100119438,▷2011년~
,20,100119438,▷2003년
,20,100119438,한양대
,20,100119438,▷1999년
,20,100119438,▷1980년
,20,100119438,여러분
,60,100120203,이씨
,40,100118987,울산
,120,100120038,나
,590,100119400,전
,40,100120580,숙모
,30,100120580,기독교
,30,100120580,그때
,70,100120165,9단
,20,100119240,"3,249◇평택"
,20,100119240,"43,599◇성남"
,20,100119240,예일대학교
,20,100119240,"53,257▲이면구(무)"
,20,100119240,"1,607▲윤학상(행)"
,160,100120155,의원
,540,100119740,것
,480,100119740,총장
,450,100119740,채
,360,100119740,검찰
,360,100119740,그
,270,100119740,병역면제
,260,100119740,병역
,260,100119740,전
,240,100119740,대통령
,240,100119740,등
,230,100119740,수
,230,100119740,면제
,230,100119740,원
,210,100119740,말
,200,100119740,정부
,200,100119740,총리
,200,100119740,변호사
,180,100119740,의혹
,180,100119740,의원
,410,100118619,②한나라당
,100,100119980,강릉
,90,100119980,수
,80,100119980,사람
,70,100119980,생각
,60,100119980,마음
,60,100119980,정치
,50,100119980,저
,40,100119980,누구
,40,100119980,일
,40,100119980,사회
,40,100119980,우리
,40,100119980,선택
,40,100119980,이번
,30,100119980,경계
,30,100119980,가슴
,30,100119980,도시
,30,100119980,시대
,30,100119980,중심
,30,100119980,송영철
,170,100119481,그
,310,100120351,현
,300,100120351,대학원
,300,100120351,제주
,300,100120351,등
,250,100120351,졸업
,200,100120351,산업
,200,100120351,것
,160,100120351,억
,130,100120351,수
,130,100120351,문제
,130,100120351,현안
,110,100120351,해당
,100,100120351,충주시의회
,90,100120351,중퇴
,90,100120351,1차
,90,100120351,저
,80,100120351,충주시
,80,100120351,회장
,80,100120351,충북도당
,120,100119806,후보
,10,100118943,대표적
,10,100118943,3
,10,100118943,출신
,10,100118943,내
,10,100118943,민주통합당
,10,100118943,의원
,700,100120327,사장
,370,100118613,시장
,340,100118613,전
,340,100118613,등
,300,100118613,수
,300,100118613,오
,270,100118613,사업
,220,100118613,서울
,220,100118613,그
,190,100118613,말
,190,100118613,학교
,190,100118613,문화
,160,100118613,대학
,160,100118613,무상급식
,150,100118613,이
,150,100118613,교수
,150,100118613,주민투표
,140,100118613,임용
,140,100118613,시민들
,130,100118613,시정
,530,100119321,의원
,300,100119630,1
,220,100119630,선거구
,220,100119630,등록
,180,100119630,병역필
,160,100119630,경쟁률
,120,100119630,광주
,120,100119630,남
,100,100119630,이
,100,100119630,재산
,100,100119630,기록
,80,100119630,중
,80,100119630,무소속
,70,100119630,목포
,70,100119630,4명
,60,100119630,3대
,60,100119630,입후보
,60,100119630,첫날
,50,100119630,20대
,50,100119630,1명
,170,100118481,것
,90,100119289,당선자
,50,100119289,천
,50,100119289,지사
,40,100119289,총선
,30,100119289,소통
,30,100119289,기
,30,100119289,반쪽
,30,100119289,국회의원
,30,100119289,이번
,30,100119289,그
,20,100119289,18대
,20,100119289,충남
,20,100119289,지역
,20,100119289,승리
,20,100119289,의원
,20,100119289,공보본부장
,20,100119289,승부
,20,100119289,미래
,20,100119289,예비후보
,270,100119096,─────
,420,100119719,생각
,380,100119719,수
,350,100119719,정책
,320,100119719,후보
,270,100119719,문제
,240,100119719,저
,240,100119719,사람
,220,100119719,대표
,200,100119719,점
,190,100119719,국민들
,190,100119719,등
,150,100119719,우리
,150,100119719,서울시장
,150,100119719,인터넷
,150,100119719,당
,150,100119719,이
,150,100119719,민주노동당
,150,100119719,그
,140,100119719,노
,130,100119790,후보
,340,100120277,등
,320,100120277,의원
,310,100120277,것
,230,100120277,후보
,220,100120277,수
,220,100120277,그
,210,100120277,장관
,170,100120277,공무원연금
,140,100120277,국민연금
,140,100120277,이
,140,100120277,전
,120,100120277,공무원
,110,100120277,경북
,110,100120277,이문열
,100,100120277,당시
,100,100120277,정부
,100,100120277,내용
,100,100120277,독
,100,100120277,길
,20,100118979,출마
,20,100119438,▷1998년
,20,100119438,한경에세이
,20,100119438,▷1985년
,20,100119438,박사
,20,100119438,생각
,240,100118297,등
,50,100120203,우수
,50,100120203,공부
,50,100120203,네팔
,40,100120203,졸업
,30,100120203,수
,30,100120203,학생들
,20,100120203,입학
,20,100120203,최초
,20,100120203,이화
,20,100120203,성적
,20,100120203,한국
,20,100120203,나
,20,100120203,아들
,20,100120203,뒤
,20,100120203,3학년
,20,100120203,장애
,20,100120203,상담
,20,100120203,한국디지털대학교
,20,100120203,우대모집
,450,100120590,"군필,"
,30,100118987,졸업
,30,100118987,구속
,30,100118987,등
,30,100118987,당선
,30,100118987,98년
,20,100118987,75년
,20,100118987,조
,20,100118987,동국대학교
,20,100118987,노동자
,20,100118987,민주노동당
,20,100118987,95년
,20,100118987,당선자
,20,100118987,초
,20,100118987,국회의원
,20,100118987,81년
,20,100118987,제적
,20,100118987,군사독재
,20,100118987,78년
,20,100118987,2002년
,110,100120038,때
,90,100120038,외숙
,90,100120038,그
,80,100120038,외할머니
,80,100120038,출마
,80,100120038,대구
,60,100120038,지역구
,60,100120038,예비후보
,360,100119400,졸업
,200,100119400,대학원
,140,100119400,의원
,130,100119400,민주당
,120,100119400,전라북도의회
,90,100119400,/정당인/전북대학교
,90,100119400,익산시의회
,80,100119400,원광대학교
,70,100119400,수료
,70,100119400,박사과정
,70,100119400,법학
,60,100119400,/정당인/원광대학교
,60,100119400,행정대학원
,60,100119400,전라북
,60,100120165,것
,60,100120165,한국
,60,100120165,경향신문
,40,100120165,이해찬
,40,100120165,바둑
,30,100120165,사람
,30,100120165,수
,30,100120165,중국
,30,100120165,뒤
,30,100120165,총리
,30,100120165,의원
,30,100120165,나
,90,100120155,그
,60,100120155,등
,50,100120155,국회
,50,100120155,경기
,40,100120155,수원
,40,100120155,부장검사
,40,100120155,당선인
,40,100120155,김영란법
,40,100120155,이후
,40,100120155,어머니
,30,100120155,것
,30,100120155,졸업
,30,100120155,지역구
,30,100120155,아들
,30,100120155,기
,30,100120155,의원들
,30,100120155,후
,30,100120155,후보
,30,100120155,재보선
,250,100118699,사장
,370,100118619,졸업
,140,100118619,④정당
,90,100118619,②열린우리당
,50,100118619,⑥전
,40,100118619,⑦53.
,40,100118619,⑦58.
,40,100118619,의원
,30,100118619,⑦62.
,30,100118619,⑦40.
,30,100118619,④약사
,30,100118619,1①경기
,30,100118619,⑦67.
,30,100118619,④자영업
,30,100118619,⑦63.
,30,100118619,⑦46.
,30,100118619,대학원
,30,100118619,⑦49.
,30,100118619,법학
,30,100118619,④정치
,180,100118635,것
,160,100119481,것
,140,100119481,김진선
,140,100119481,아버지
,140,100119481,때
,130,100119481,나
,120,100119481,강원
,100,100119481,후
,100,100119481,어머니
,90,100119481,등
,80,100119481,유치
,70,100119481,수
,70,100119481,생각
,60,100119481,우리
,60,100119481,말
,60,100119481,졸업
,60,100119481,내
,50,100119481,번
,50,100119481,1998년
,50,100119481,교수
,80,100119806,경제학
,80,100119806,그
,80,100119806,대표
,80,100119806,활동
,70,100119806,배정
,70,100119806,공동대표
,70,100119806,비례대표
,70,100119806,대학원
,60,100119806,석사
,60,100119806,시인
,60,100119806,역임
,50,100119806,박사
,50,100119806,학사
,290,100120327,것
,270,100120327,등
,250,100120327,부회장
,160,100120327,에너지
,130,100120327,그룹
,130,100120327,회장
,120,100120327,현대·기아차
,120,100120327,인물
,110,100120327,승진
,110,100120327,분야
,100,100120327,그
,100,100120327,평가
,100,100120327,현대차
,320,100119321,것
,210,100119321,그
,190,100119321,등
,180,100119321,공부
,170,100119321,야구
,160,100119321,전
,150,100119321,수
,130,100119321,때
,120,100119321,말
,120,100119321,청와대
,120,100119321,문
,120,100119321,당시
,110,100119321,운동
,110,100119321,당
,100,100119321,부산
,90,100119321,정치
,90,100119321,나
,90,100119321,후
,90,100119321,노
,1130,100120092,후보
,110,100118481,로스쿨
,70,100118481,시험
,70,100118481,필기시험
,60,100118481,법무부
,60,100118481,예비시험
,60,100118481,사법시험
,60,100118481,도입
,50,100118481,수
,50,100118481,“로스쿨
,40,100118481,응시
,40,100118481,과목
,40,100118481,권고
,30,100118481,학계
,30,100118481,부결
,30,100118481,장학금
,30,100118481,취지
,30,100118481,기존
,30,100118481,논술형
,30,100118481,졸업자
,50,100120078,의원
,150,100119096,││
,140,100119096,대학원
,110,100119096,졸업ㆍ정당인)
,100,100119096,전
,90,100119096,법학
,70,100119096,그
,70,100119096,정치외교학과
,70,100119096,후보
,60,100119096,겸임교수
,60,100119096,경영학
,60,100119096,충남지사
,60,100119096,졸업ㆍ국회의원)
,60,100119096,당선
,60,100119096,무역학
,50,100119096,중
,50,100119096,충남
,50,100119096,수
,50,100119096,사무총장
,50,100119096,의원
,70,100118709,수
,90,100119790,민주노동당
,60,100119790,수
,60,100119790,등
,50,100119790,"한다""며"
,50,100119790,열린우리당
,40,100119790,신용불량자
,40,100119790,권영길
,40,100119790,이주영
,40,100119790,참여
,40,100119790,박무용
,40,100119790,자유
,40,100119790,정치
,30,100119790,것
,30,100119790,공무원
,30,100119790,주장
,30,100119790,창원
,30,100119790,채무
,30,100119790,마련
,20,100119790,졸업
,10,100119410,무단전재
,20,100118979,후보
,10,100118979,공천학살
,10,100118979,공천
,10,100118979,김지
,10,100118979,친박
,10,100118979,18대
,10,100118979,중
,10,100118979,한명
,10,100118979,바
,10,100118979,[오마이뉴스
,10,100118979,정종복
,10,100118979,"오마이뉴스,"
,10,100118979,주역
,10,100118979,당내
,10,100118979,금지
,10,100118979,전재
,10,100118979,재선
,10,100118979,것
,10,100118979,재배포
,700,100119665,군복무
,220,100118297,인천
,190,100118297,의원
,160,100118297,예비후보
,130,100118297,서울
,130,100118297,그
,120,100118297,전
,120,100118297,대변인
,110,100118297,것
,100,100118297,행정구역
,90,100118297,지역
,90,100118297,남구
,90,100118297,총선
,80,100118297,합격자
,80,100118297,이
,80,100118297,국회의원
,80,100118297,수
,80,100118297,출신
,70,100118297,말
,70,100118297,출마
,430,100119553,의원
,290,100120590,그
,270,100120590,전
,270,100120590,의원
,230,100120590,졸업
,210,100120590,것
,200,100120590,나
,200,100120590,한
,170,100120590,안산시
,160,100120590,정당
,130,100120590,말
,120,100120590,안산시의회의원
,110,100120590,1번
,110,100120590,46
,100,100120590,서강대
,100,100120590,2
,100,100120590,졸업ㆍ정당인)
,100,100120590,등
,90,100120590,해당
,90,100120590,대학원
,1050,100118349,의원
,50,100120038,위원장
,50,100120038,대
,50,100120038,어머니
,50,100120038,등록
,40,100120038,것
,40,100120038,우리
,40,100120038,말
,40,100120038,에스페란토어
,40,100120038,북구
,40,100120038,선거구
,40,100120038,전
,310,100120395,등
,60,100119400,전주대학교
,60,100119400,대표
,60,100119400,회장
,50,100119400,8대
,50,100119400,/정당인/전주대학교
,10,100119001,지
,30,100120165,대회
,30,100120165,동생들
,30,100120165,동생
,30,100120165,화백
,30,100120165,말
,20,100120165,예술가
,20,100120165,메뉴
,200,100118699,회장
,110,100118699,대표이사
,110,100118699,등
,100,100118699,인물
,90,100118699,명예회장
,80,100118699,그
,80,100118699,뒤
,70,100118699,보령제약
,60,100118699,현대백화점
,60,100118699,이종호
,60,100118699,대표
,60,100118699,대한약품
,60,100118699,대표주자
,50,100118699,신
,50,100118699,호텔신라
,50,100118699,해
,50,100118699,수
,50,100118699,이후
,40,100118699,회사
,420,100118542,교육
,180,100118635,예비후보
,170,100118635,수
,160,100118635,생각
,140,100118635,희망
,130,100118635,정권교체
,130,100118635,정의당
,130,100118635,정당
,120,100118635,사람
,100,100118635,출마
,100,100118635,사회
,100,100118635,저
,90,100118635,당
,80,100118635,안철수
,80,100118635,그
,80,100118635,정치인
,70,100118635,우리
,70,100118635,유성
,70,100118635,야권연대
,60,100118635,말
,680,100120240,로스쿨
,50,100119806,등
,50,100119806,졸업
,40,100119806,열사
,40,100119806,사무국장
,40,100119806,후
,40,100119806,시
,80,100118390,예비후보
,90,100120327,후
,90,100120327,신
,90,100120327,데
,90,100120327,수
,90,100120327,개발
,90,100120327,SK네트웍스
,1050,100119858,의원
,1030,100120092,소득
,440,100120092,"병역필(병장),"
,370,100120092,등
,340,100120092,새누리당
,290,100120092,위반
,270,100120092,전
,260,100120092,병역
,250,100120092,종부
,240,100120092,비대상
,240,100120092,벌금
,230,100120092,등록
,220,100120092,징역
,210,100120092,서울
,200,100120092,의원
,180,100120092,국민의당
,180,100120092,더민주
,160,100120092,1억
,160,100120092,집행유예
,140,100120092,것
,190,100119211,것
,40,100120078,총장
,40,100120078,선거
,40,100120078,주
,40,100120078,등
,30,100120078,위원장
,30,100120078,졸업
,30,100120078,당선
,30,100120078,이후
,30,100120078,뒤
,20,100120078,만기
,20,100120078,당내
,20,100120078,원내부대표
,20,100120078,전남도당
,20,100120078,기반
,20,100120078,후
,20,100120078,지방선거
,20,100120078,남
,20,100120078,열린우리당
,20,100120078,부친
,120,100119888,당선인
,50,100118709,민주당
,40,100118709,출마
,40,100118709,지방선거
,30,100118709,서강대
,30,100118709,나
,30,100118709,결단
,30,100118709,충남도지사
,20,100118709,것
,20,100118709,충남
,20,100118709,국민회
,20,100118709,전문위원
,20,100118709,12년
,20,100118709,서천군
,20,100118709,중요
,20,100118709,6·4
,20,100118709,정치외교학
,20,100118709,이사
,10,100118709,통합정신
,10,100118709,원내총무
,70,100118722,성
,10,100119410,기자]박세열
,10,100119410,[박세열
,10,100119410,재배포금지
,10,100119410,기
,10,100119410,()Copyrightsⓒ
,10,100118594,무단전재
,550,100119665,"마친사람,"
,390,100119665,졸업
,180,100119665,대학원
,130,100119665,정당
,120,100119665,무직
,100,100119665,행정대학원
,100,100119665,사람
,90,100119665,의원
,80,100119665,행정학
,80,100119665,58
,70,100119665,석사
,70,100119665,추천
,70,100119665,정치인
,60,100119665,서울대학교
,60,100119665,경영학
,60,100119665,박사
,60,100119665,국회의원
,60,100119665,대표
,60,100119665,전
,1340,100119667,의원
,220,100119553,학력
,200,100119553,인천
,180,100119553,박사
,150,100119553,문대성
,150,100119553,기재
,140,100119553,표절
,140,100119553,학위
,130,100119553,것
,130,100119553,포털사이트
,120,100119553,인물정보
,120,100119553,남동구선관위
,110,100119553,고발
,110,100119553,접수
,110,100119553,취소
,110,100119553,사실
,100,100119553,이하
,100,100119553,위반
,100,100119553,졸업
,100,100119553,동아대
,40,100119301,서울대
,690,100118349,그
,440,100118349,것
,360,100118349,위원장
,320,100118349,전
,310,100118349,말
,290,100118349,당시
,280,100118349,국회
,260,100118349,수
,250,100118349,최
,220,100118349,조
,220,100118349,원내대표
,210,100118349,국회의원
,210,100118349,등
,200,100118349,대통령
,180,100118349,당
,170,100118349,때
,150,100118349,투쟁
,150,100118349,정치
,150,100118349,법안
,490,100119991,정치
,190,100120395,것
,160,100120395,이
,150,100120395,후
,120,100120395,서울
,120,100120395,조직
,100,100120395,때
,100,100120395,독립운동
,100,100120395,활동
,80,100120395,수
,80,100120395,일제
,80,100120395,설립
,80,100120395,일본
,70,100120395,만주
,70,100120395,전개
,60,100120395,말
,60,100120395,초대
,60,100120395,졸업
,60,100120395,당선
,60,100120395,이후
,120,100120385,후보
,10,100119001,광우병
,10,100119001,전
,10,100119001,만
,10,100119001,여파
,10,100119001,지명직
,10,100119001,장관
,10,100119001,농림수산식품부
,10,100119001,한나라당
,10,100119001,1년5개월여
,10,100119001,2008년
,10,100119001,최고위원
,10,100119001,복귀
,10,100119001,정운천
,10,100119001,파동
,330,100118485,"▲민주통합당,"
,300,100118542,것
,300,100118542,서비스
,300,100118542,시장
,280,100118542,스타트업
,270,100118542,수
,210,100118542,제공
,210,100118542,기업
,200,100118542,조교
,200,100118542,앱
,190,100118542,대학
,190,100118542,대표
,150,100118542,콘텐츠
,140,100118542,말
,130,100118542,매출
,120,100118542,학
,120,100118542,학습
,120,100118542,등
,110,100118542,에듀테크
,110,100118542,교수
,40,100120208,졸업
,490,100120240,사법시험
,390,100120240,것
,280,100120240,등
,250,100120240,법무부
,170,100120240,기자
,170,100120240,수
,170,100120240,변호사
,160,100120240,출신
,150,100120240,말
,140,100120240,문제
,130,100120240,국회
,120,100120240,폐
,110,100120240,입장
,110,100120240,4년
,100,100120240,유예
,90,100120240,경우
,90,100120240,이
,90,100120240,논란
,90,100120240,뒤
,140,100119627,예비후보
,60,100118390,것
,60,100118390,등록
,40,100118390,전
,40,100118390,위원장
,40,100118390,총선
,40,100118390,의원
,30,100118390,가능성
,30,100118390,괴산
,30,100118390,선거구
,30,100118390,뒤
,30,100118390,국회의원
,30,100118390,그
,30,100118390,의정활동
,20,100118390,수
,20,100118390,분리
,20,100118390,선관위
,20,100118390,산업은행
,20,100118390,획정시
,20,100118390,임해종
,690,100119858,그
,440,100119858,것
,360,100119858,위원장
,300,100119858,말
,290,100119858,당시
,280,100119858,국회
,260,100119858,수
,240,100119858,전
,220,100119858,조
,220,100119858,원내대표
,210,100119858,국회의원
,200,100119858,최
,200,100119858,등
,190,100119858,대통령
,180,100119858,당
,170,100119858,때
,150,100119858,투쟁
,150,100119858,정치
,150,100119858,법안
,250,100120287,것
,160,100119211,정당
,140,100119211,수
,130,100119211,녹색당
,120,100119211,대통령
,120,100119211,우리
,120,100119211,하승수
,110,100119211,시스템
,80,100119211,때문
,80,100119211,등
,70,100119211,이
,70,100119211,대안
,70,100119211,정치
,60,100119211,점
,60,100119211,청와대
,60,100119211,정치혁명
,60,100119211,거대
,60,100119211,총선
,60,100119211,국민들
,50,100119211,그
,190,100120288,정부
,50,100119888,박
,40,100119888,대통령의
,40,100119888,곡성
,30,100119888,이정현
,30,100119888,순천·곡성
,30,100119888,국회
,30,100119888,박근혜
,30,100119888,대통령
,30,100119888,당선
,30,100119888,후보
,30,100119888,순천
,20,100119888,전
,20,100119888,정치외교학과
,20,100119888,마음
,20,100119888,홍보수석
,20,100119888,남자
,20,100119888,당시
,20,100119888,예산
,20,100119888,지역주의
,230,100119248,것
,60,100118722,교수
,40,100118722,전
,30,100118722,서산·태안
,30,100118722,회장
,20,100118722,것
,20,100118722,출마
,20,100118722,총선
,20,100118722,기술
,20,100118722,쓰레기
,20,100118722,환경공학
,20,100118722,기자회견
,20,100118722,환경분야
,10,100118722,눈
,10,100118722,신청
,10,100118722,충남
,10,100118722,7∼8명
,10,100118722,개발해
,10,100118722,핵심성장동력
,10,100118722,길
,500,100120189,것
,10,100118594,[ⓒ
,10,100118594,&
,10,100118594,10년
,10,100118594,100대
,10,100118594,올해
,10,100118594,재배포
,10,100118594,선정
,10,100118594,금지
,10,100118594,매경이코노미
,10,100118594,매일경제
,530,100119353,의원
,830,100119667,그
,530,100119667,것
,390,100119667,위원장
,390,100119667,국회
,350,100119667,수
,340,100119667,당시
,340,100119667,전
,310,100119667,말
,310,100119667,등
,240,100119667,때
,240,100119667,국회의원
,220,100119667,조
,220,100119667,대통령
,220,100119667,원내대표
,210,100119667,당
,200,100119667,최
,170,100119667,중
,160,100119667,법안
,160,100119667,일
,380,100118836,것
,40,100119301,새누리당
,30,100119301,법학
,30,100119301,한국교원대
,30,100119301,연세대
,20,100119301,서울대학교
,20,100119301,미국
,20,100119301,한나라당
,20,100119301,서울
,20,100119301,법과대학
,20,100119301,대통령
,20,100119301,중앙대
,10,100119301,한국과학원
,10,100119301,합격1997년
,10,100119301,위스콘신대
,10,100119301,초대원장2010년
,10,100119301,사외이사2009년
,10,100119301,행정관2002년
,10,100119301,원내부대표2007년
,10,100119301,행정학과졸1981년
,230,100118938,의원
,220,100119991,이사장
,100,100119991,국가
,90,100119991,광주
,90,100119991,수
,70,100119991,일
,70,100119991,정치인
,60,100119991,것
,50,100119991,변화
,50,100119991,건강
,50,100119991,헌신
,50,100119991,이용빈
,50,100119991,길
,50,100119991,시민
,50,100119991,사람
,50,100119991,뜻
,50,100119991,원
,50,100119991,정당
,50,100119991,세월호
,100,100120385,지역
,80,100120385,무소속
,70,100120385,새누리당
,30,100120385,단일화
,30,100120385,출마
,30,100120385,양명모후보
,30,100120385,선거구
,30,100120385,권은희
,30,100120385,북구갑
,20,100120385,것
,20,100120385,공천
,20,100120385,양
,20,100120385,기
,20,100120385,이명규후보
,20,100120385,고배
,20,100120385,역임
,20,100120385,후
,20,100120385,예상
,270,100118485,졸업
,140,100118485,전
,130,100118485,전북대학교
,110,100118485,대학원
,80,100118485,서울대학교
,70,100118485,행정대학원
,60,100118485,원광대학교
,60,100118485,법학
,50,100118485,성균관대학교
,50,100118485,고려대학교
,40,100118485,수료
,40,100118485,박사과정
,40,100118485,등록
,40,100118485,전주대학교
,40,100118485,"▲무소속,"
,40,100118485,예비후보
,40,100118485,행정학
,40,100118485,국회의원
,40,100118485,"▲통합진보당,"
,30,100120208,보도국장
,30,100120208,남
,20,100120208,18대
,20,100120208,홍보위원장
,20,100120208,정치국제에디터
,20,100120208,출신
,20,100120208,대변인
,20,100120208,입사
,20,100120208,▲민주당
,20,100120208,앵커
,20,100120208,통일외교부장
,20,100120208,등
,20,100120208,뉴스
,10,100120208,역임
,10,100120208,광주상업고등학교
,60,100119627,유성
,60,100119627,희망
,50,100119627,강
,40,100119627,출마
,40,100119627,야권연대
,40,100119627,두
,40,100119627,지역
,40,100119627,이
,40,100119627,우리
,30,100119627,것
,30,100119627,승리
,30,100119627,삶
,250,100120287,의원
,240,100120287,등
,160,100120287,수
,140,100120287,부산
,110,100120287,김정훈
,110,100120287,그
,110,100120287,국회
,100,100120287,정책
,100,100120287,말
,100,100120287,당시
,100,100120287,활동
,80,100120287,상황
,80,100120287,시절
,80,100120287,새누리당
,70,100120287,정부
,70,100120287,특사
,190,100120288,등
,140,100120288,인사
,130,100120288,그룹
,130,100120288,기
,120,100120288,것
,120,100120288,중
,120,100120288,사외이사
,120,100120288,부회장
,120,100120288,뒤
,120,100120288,전
,100,100120288,말
,100,100120288,출신
,90,100120288,이
,90,100120288,관련
,80,100120288,정권
,80,100120288,임명
,70,100120288,국세청장
,70,100120288,그
,150,100119248,저
,150,100119248,정치
,100,100119248,수
,90,100119248,국민
,90,100119248,국민들
,90,100119248,생각
,90,100119248,후보
,90,100119248,변호사
,80,100119248,법
,70,100119248,지역
,70,100119248,이
,70,100119248,설득
,70,100119248,사람
,70,100119248,민주당
,60,100119248,단일화
,60,100119248,경우
,60,100119248,국회의원
,260,100120189,사장
,250,100120189,등
,200,100120189,예산
,200,100120189,홍
,190,100120189,수
,160,100120189,이
,130,100120189,그
,130,100120189,사업
,120,100120189,위원장
,120,100120189,국회의원
,100,100120189,심사
,100,100120189,일
,100,100120189,한나라당
,100,100120189,현장
,200,100119353,국회
,120,100119353,당선자
,100,100119353,대학
,100,100119353,전
,90,100119353,것
,90,100119353,그
,90,100119353,수
,80,100119353,진주
,70,100119353,당시
,70,100119353,예산안
,60,100119353,지역
,60,100119353,예결위원장
,60,100119353,검사
,360,100118836,원장
,200,100118836,등
,160,100118836,수
,130,100118836,말
,130,100118836,교수
,120,100118836,그
,120,100118836,기업
,110,100118836,안철수연구소
,110,100118836,이
,100,100118836,청춘콘서트
,90,100118836,강연
,90,100118836,서울대
,90,100118836,매출
,90,100118836,전
,80,100118836,회사
,80,100118836,서울시장
,80,100118836,문제
,80,100118836,때문
,120,100118938,국감
,110,100118938,것
,70,100118938,경제
,60,100118938,국정감사
,60,100118938,한나라당
,50,100118938,정부
,50,100118938,국감장
,50,100118938,그
,50,100118938,등
,50,100119991,광주외국인노동자건강센터
,50,100119593,등
,20,100120385,선거
,90,100118511,그
,260,100120352,서강대
,10,100120208,청와대
,10,100120208,진행
,10,100120208,국회
,10,100120208,원외
,520,100120223,전
,30,100119627,선거구
,30,100119627,노동자
,30,100119627,서울대
,30,100119627,대한민국
,30,100119627,소속
,30,100119627,대전
,30,100119627,국회의원
,570,100119881,의원
,70,100120287,로스쿨
,60,100120287,대통령
,60,100120287,합격
,1020,100119818,후보
,70,100120288,대학
,360,100119325,─────
,60,100119248,일
,60,100119248,구
,20,100119631,단체장
,90,100120189,정부
,90,100120189,예결위
,90,100120189,농어촌공사
,90,100120189,최고위원
,90,100120189,홍문표
,60,100119353,등
,60,100119353,사건
,50,100119353,위원장
,50,100119353,경우
,50,100119353,후
,50,100119353,이
,410,100119816,버섯
,70,100118836,바이러스
,450,100118320,등
,40,100118938,조
,40,100118938,합리적
,40,100118938,당시
,40,100118938,준비
,40,100118938,일
,40,100118938,발휘
,40,100118938,의원들
,40,100118938,장관
,30,100118938,첨예한
,30,100118938,감사
,50,100119860,것
,30,100119593,전
,30,100119593,출신
,20,100119593,총괄
,20,100119593,서울대
,20,100119593,재정경제부
,10,100119593,온건
,10,100119593,당선인
,10,100119593,주요20개국(G20)
,10,100119593,[신동아]현오석
,10,100119593,산업은행
,10,100119593,이용섭
,10,100119593,경제부총리
,10,100119593,경제통
,10,100119593,청주
,10,100119593,이코노미스트
,10,100119593,펜실베니아대학교
,10,100119593,평
,10,100119593,연구원들
,10,100119593,총재
,430,100120173,의원
,80,100118511,출마
,70,100118511,대구
,60,100118511,지역구
,60,100118511,예비후보
,50,100118511,등록
,40,100118511,위원장
,40,100118511,선거구
,40,100118511,선언
,40,100118511,북구
,40,100118511,후보
,30,100118511,전
,30,100118511,졸업
,30,100118511,녹색당
,30,100118511,정의당
,30,100118511,등
,30,100118511,포항
,20,100118511,지난달
,20,100118511,국회의원선거
,20,100118511,선거운동
,220,100118585,예비후보
,190,100120352,등
,180,100120352,것
,180,100120352,출신
,120,100120352,이
,110,100120352,말
,100,100120352,수
,100,100120352,이코노미스트
,100,100120352,원장
,90,100120352,그
,90,100120352,대학
,90,100120352,졸업생
,80,100120352,자본시장
,70,100120352,리서치
,70,100120352,지난해
,70,100120352,졸업
,70,100120352,학교
,60,100120352,대학원
,60,100120352,민사
,60,100120352,일
,460,100119962,졸업
,450,100120223,민주통합당
,320,100120223,무소속
,310,100120223,국회의원
,130,100120223,정통민주당
,100,100120223,49세
,90,100120223,세/새누리당/(전)
,90,100120223,세/새누리당/(현)제18대
,80,100120223,여
,70,100120223,통합진보당
,70,100120223,민주당
,60,100120223,51세
,60,100120223,46세
,60,100120223,53세
,50,100120223,55세
,50,100120223,겸임교수
,50,100120223,52세
,50,100120223,지역위원장
,50,100120223,48세
,40,100120223,18대
,550,100120167,전
,520,100119881,공채
,300,100119881,당직자
,300,100119881,새누리당
,290,100119881,것
,250,100119881,야당
,220,100119881,그
,210,100119881,국회의원
,170,100119881,여당
,160,100119881,새정치연합
,160,100119881,등
,160,100119881,일
,150,100119881,수
,150,100119881,정당
,150,100119881,당
,140,100119881,정치
,140,100119881,당시
,130,100119881,민자당
,130,100119881,출신
,120,100119881,사무처
,530,100119818,것
,390,100119818,의원
,330,100119818,무소속
,310,100119818,부산
,280,100119818,새누리당
,280,100119818,등
,230,100119818,민주통합당
,230,100119818,전
,210,100119818,공천
,200,100119818,수
,190,100119818,지역
,190,100119818,출마
,180,100119818,때
,170,100119818,말
,170,100119818,이
,170,100119818,총선
,160,100119818,출신
,160,100119818,그
,150,100119818,일
,1830,100119866,것
,240,100119325,대학원
,220,100119325,졸업ㆍ정당인)
,200,100119325,││
,150,100119325,법학
,120,100119325,경영학
,110,100119325,겸임교수
,100,100119325,졸업ㆍ국회의원)
,90,100119325,정치외교학과
,90,100119325,무역학
,60,100119325,행정학
,60,100119325,석사ㆍ정당인)
,60,100119325,법과대학
,60,100119325,사회학
,50,100119325,수료ㆍ동국대학교
,50,100119325,"1,120▲오정익(청)"
,50,100119325,그래픽커뮤니케이션
,50,100119325,박사과정(재무론)
,50,100119325,법학박사ㆍ변호사)
,50,100119325,박사과정
,1520,100120072,소득
,20,100119631,당선자
,10,100119631,최연소
,10,100119631,남
,10,100119631,당선되
,10,100119631,가운데
,10,100119631,화제
,10,100119631,22개
,10,100119631,신정훈
,10,100119631,나이
,10,100119631,38세
,10,100119631,도내
,10,100119631,시
,10,100119631,무소속
,280,100119816,농사
,190,100119816,것
,90,100119816,수
,80,100119816,생각
,70,100119816,나
,60,100119816,노력
,50,100119816,시작
,50,100119816,백산농산
,50,100119816,도전
,50,100119816,여
,50,100119816,이
,40,100119816,성공
,40,100119816,팽이버섯
,380,100118320,졸업
,340,100118320,출신
,320,100118320,역임
,280,100118320,법학과
,240,100118320,기획조정실장
,220,100118320,서울대
,190,100118320,법무부
,170,100118320,업무
,170,100118320,요직
,160,100118320,자리
,140,100118320,서울중앙지검
,140,100118320,검찰
,140,100118320,대검
,40,100119860,이번
,30,100119860,승리
,30,100119860,그
,20,100119860,당선인
,20,100119860,지역
,20,100119860,심판
,20,100119860,선거
,20,100119860,이
,20,100119860,뜻
,20,100119860,비방
,10,100119860,윤관석(51)
,10,100119860,일자리
,10,100119860,우수
,10,100119860,신문학과
,10,100119860,졸업
,10,100119860,송영길
,10,100119860,기
,10,100119860,시장
,10,100119860,총선
,50,100119028,의회
,330,100120173,권
,260,100120173,그
,200,100120173,경찰
,150,100120173,것
,140,100120173,수사과장
,90,100120173,사건
,80,100120173,말
,80,100120173,당시
,80,100120173,등
,80,100120173,전
,70,100120173,졸업
,70,100120173,국회
,70,100120173,업무
,60,100120173,수사
,60,100120173,길
,60,100120173,권은희
,60,100120173,▲전
,60,100120173,최선
,60,100120173,후
,210,100118585,그
,210,100118585,후보
,200,100118585,김문수
,190,100118585,것
,190,100118585,김부겸
,140,100118585,대구
,100,100118585,수
,90,100118585,지역
,90,100118585,박근혜
,90,100118585,새누리당
,80,100118585,한나라당
,70,100118585,사람
,60,100118585,대통령
,330,100119962,"▲민주통합당,"
,230,100119962,전
,220,100119962,전북대학교
,180,100119962,대학원
,170,100119962,회장
,160,100119962,서울대학교
,150,100119962,"▲민주당,"
,120,100119962,행정대학원
,120,100119962,교육
,100,100119962,고려대학교
,90,100119962,행정학
,450,100120167,민주통합당
,320,100120167,무소속
,310,100120167,국회의원
,130,100120167,정통민주당
,100,100120167,49세
,90,100120167,세/새누리당/(전)
,90,100120167,세/새누리당/(현)제18대
,80,100120167,민주당
,80,100120167,여
,70,100120167,통합진보당
,60,100120167,51세
,60,100120167,46세
,60,100120167,후보
,60,100120167,53세
,50,100120167,위원장
,50,100120167,55세
,50,100120167,겸임교수
,50,100120167,52세
,50,100120167,지역위원장
,1450,100119797,의원
,1000,100119866,저
,920,100119866,◆강지원:
,900,100119866,◇박민식:
,610,100119866,국회의원
,580,100119866,문제
,570,100119866,때
,570,100119866,정치
,570,100119866,사람
,510,100119866,부분
,500,100119866,공채
,500,100119866,생각
,470,100119866,수
,470,100119866,대통령
,430,100119866,우리
,420,100119866,때문
,420,100119866,말씀
,410,100119866,말
,400,100119866,야당
,400,100119866,국민들
,900,100119961,전
,690,100120072,"병역필(병장),"
,510,100120072,등
,460,100120072,위반
,380,100120072,종부
,370,100120072,병역
,360,100120072,전
,350,100120072,벌금
,340,100120072,징역
,330,100120072,비대상
,260,100120072,1억
,230,100120072,집행유예
,160,100120072,"병역필(이병),"
,150,100120072,1년
,150,100120072,의원
,130,100120072,도로교통법
,130,100120072,4억
,130,100120072,0원
,130,100120072,후보
,120,100120072,2년
,280,100119890,로스쿨
,40,100119816,아버지
,40,100119816,재배사
,40,100119816,한
,40,100119816,선택
,30,100119816,대표
,30,100119816,내
,700,100118732,군복무
,140,100118320,감사원
,140,100118320,성균관대
,130,100118320,정부
,130,100118320,선정
,120,100118320,담당
,120,100118320,행정학과
,730,100118482,것
,50,100119028,의장
,40,100119028,수
,40,100119028,시
,40,100119028,시민들
,40,100119028,정책
,30,100119028,의원
,30,100119028,신
,30,100119028,등
,20,100119028,기
,20,100119028,앞
,20,100119028,의원들
,20,100119028,운영
,20,100119028,후반기
,20,100119028,인천
,20,100119028,선출
,20,100119028,집행부
,20,100119028,2년
,20,100119028,인천시의회
,20,100119028,당선
,150,100119214,후보
,60,100118585,수성구
,60,100118585,이번
,60,100118585,보수·우파
,50,100118585,수성갑
,50,100118585,이
,50,100118585,국회의원
,340,100118465,예비후보
,90,100119962,법학
,80,100119962,박사과정
,80,100119962,성균관대학교
,80,100119962,책
,80,100119962,등록
,70,100119962,국회의원
,70,100119962,"▲통합진보당,"
,70,100119962,예비후보
,160,100119062,사장
,820,100119797,그
,800,100119797,것
,620,100119797,전
,580,100119797,졸업
,430,100119797,말
,420,100119797,위원장
,420,100119797,병역필
,400,100119797,최
,400,100119797,국회
,350,100119797,당시
,350,100119797,수
,350,100119797,등
,340,100119797,성남시의원
,340,100119797,한
,280,100119797,팀
,280,100119797,원내대표
,270,100119797,때
,260,100119797,국회의원
,230,100119797,대통령
,1110,100119303,▷은수미>
,490,100119961,이사장
,440,100119961,골프
,440,100119961,건국대
,260,100119961,등
,180,100119961,석좌교수
,160,100119961,리스트
,140,100119961,김경희
,140,100119961,3월
,130,100119961,골프장
,130,100119961,사장
,130,100119961,2011년
,120,100119961,것
,120,100119961,그
,120,100119961,의원
,110,100119961,대법관
,110,100119961,국회의장
,110,100119961,2010년
,100,100119961,인사
,100,100119961,임용
,80,100118969,전
,200,100119890,치
,190,100119890,등
,180,100119890,사법시험
,120,100119890,이날
,110,100119890,이
,100,100119890,서울대
,100,100119890,사시
,90,100119890,법무부
,90,100119890,오후
,80,100119890,앞
,80,100119890,대법원
,80,100119890,집회
,80,100119890,고시생
,80,100119890,측
,60,100119890,촉구
,60,100119890,여수
,60,100119890,교육부
,60,100119890,교수
,60,100119890,그
,110,100118907,것
,550,100118732,"마친사람,"
,350,100118732,졸업
,150,100118732,대학원
,130,100118732,정당
,120,100118732,사람
,120,100118732,무직
,80,100118732,행정학
,80,100118732,행정대학원
,80,100118732,58
,70,100118732,양
,70,100118732,정치인
,60,100118732,서울대학교
,50,100118732,경영학
,50,100118732,박사과정
,50,100118732,60
,50,100118732,63
,50,100118732,"졸업(행정학석사),"
,50,100118732,54
,50,100118732,마친사람
,700,100119322,군복무
,520,100118482,경찰대
,510,100118482,등
,370,100118482,경찰
,360,100118482,전
,330,100118482,검찰
,270,100118482,문제
,240,100118482,수
,240,100118482,의원
,230,100118482,한나라당
,190,100118482,경찰청
,180,100118482,출신
,170,100118482,영남대
,130,100118482,졸업
,130,100118482,경찰청장
,130,100118482,조직
,130,100118482,경무관
,120,100118482,확보
,120,100118482,이
,110,100118482,주장
,90,100119984,의원
,120,100119214,조
,110,100119214,것
,110,100119214,대학
,70,100119214,수
,50,100119214,졸업
,50,100119214,4년
,40,100119214,“당시
,40,100119214,제출
,40,100119214,학점
,40,100119214,만
,40,100119214,해명
,30,100119214,출마
,30,100119214,재배포
,30,100119214,2월
,30,100119214,67년
,30,100119214,군대
,30,100119214,등
,30,100119214,1967년
,30,100119214,금지
,410,100120152,시장
,340,100118465,후보
,320,100118465,것
,310,100118465,새누리당
,270,100118465,그
,270,100118465,의원
,220,100118465,김부겸
,210,100118465,전
,180,100118465,등
,170,100118465,대구
,170,100118465,시장
,140,100118465,지사
,130,100118465,선거
,110,100118465,지역
,100,100118465,수
,90,100118465,사람
,90,100118465,국회의원
,90,100118465,경선
,80,100118465,중
,80,100118465,이
,1690,100119925,전
,120,100119062,조
,100,100119062,사보
,90,100119062,것
,70,100119062,회사
,70,100119062,호텔
,60,100119062,때문
,50,100119062,그
,40,100119062,그룹
,40,100119062,‘다이내믹
,40,100119062,일
,30,100119062,학생
,30,100119062,조현식
,30,100119062,직원들
,30,100119062,회장
,30,100119062,댄스’
,30,100119062,이후
,30,100119062,때
,20,100119062,주십시오”라
,20,100119062,저
,20,100120172,정책위
,1060,100119303,▶정관용>
,550,100119303,저
,550,100119303,것
,280,100119303,뭐
,220,100119303,당시
,210,100119303,들
,210,100119303,생각
,190,100119303,수
,160,100119303,거지요
,140,100119303,지금
,130,100119303,사회주의
,120,100119303,정부
,120,100119303,문제
,110,100119303,조직
,110,100119303,정규직
,100,100119303,분
,100,100119303,정도
,90,100119303,말씀
,90,100119303,라
,470,100118634,등
,50,100118969,미국
,40,100118969,공군사관학교
,40,100118969,전주방송
,40,100118969,변호사
,40,100118969,교수
,40,100118969,그
,30,100118969,문성준
,30,100118969,상무이사
,30,100118969,대학원
,30,100118969,전문가
,30,100118969,김윤석
,30,100118969,석사
,30,100118969,정진우
,30,100118969,뒤
,20,100118969,졸업
,20,100118969,출마
,20,100118969,2008년
,20,100118969,동
,20,100118969,학사
,60,100120247,전자
,100,100118907,전
,80,100118907,정부
,80,100118907,이
,70,100118907,등
,60,100118907,하버드대
,60,100118907,원장
,50,100118907,미국
,50,100118907,”
,50,100118907,노
,40,100118907,그
,40,100118907,부총리
,40,100118907,수
,40,100118907,성장
,30,100118907,저
,30,100118907,계속
,30,100118907,대통령
,30,100118907,강조
,30,100118907,우리
,30,100118907,교수
,360,100118505,─────
,550,100119322,"마친사람,"
,520,100119322,졸업
,250,100119322,후보
,190,100119322,대학원
,150,100119322,전
,140,100119322,정당
,130,100119322,역임
,120,100119322,지역
,120,100119322,무직
,110,100119322,사람
,100,100119322,무소속
,100,100119322,행정대학원
,100,100119322,거창군수
,100,100119322,등
,100,100119322,58
,100,100119322,한나라당
,90,100119322,행정학
,90,100119322,의원
,80,100119322,출마
,70,100119984,논문
,70,100119984,박사학위
,60,100119984,등
,40,100119984,예비후보들
,30,100119984,전
,30,100119984,문장
,30,100119984,총선
,30,100119984,상주
,30,100119984,요구
,30,100119984,새누리당
,20,100119984,것
,20,100119984,취소
,20,100119984,게재
,20,100119984,주장
,20,100119984,사람
,20,100119984,중
,20,100119984,분석
,20,100119984,나
,20,100119984,조작
,50,100119799,납부액
,400,100120152,전
,390,100120152,의원
,370,100120152,등
,330,100120152,것
,270,100120152,새누리당
,250,100120152,그
,240,100120152,송
,240,100120152,후보
,200,100120152,인천
,160,100120152,때
,150,100120152,수
,150,100120152,예비후보
,150,100120152,이
,140,100120152,대통령
,140,100120152,중
,130,100120152,지사
,130,100120152,총선
,120,100120152,거
,120,100120152,선거
,10,100119555,동아
,940,100119925,이사장
,650,100119925,건국대
,610,100119925,등
,580,100119925,골프
,360,100119925,김경희
,360,100119925,의원
,350,100119925,리스트
,300,100119925,만찬
,300,100119925,오찬
,270,100119925,것
,270,100119925,2011년
,220,100119925,2010년
,210,100119925,3월
,200,100119925,이
,190,100119925,2013년
,190,100119925,재판관
,190,100119925,석좌교수
,190,100119925,그
,180,100119925,수
,410,100119592,경찰
,10,100120172,프로필▲정읍
,10,100120172,제19대
,10,100120172,제3정책조정위원장▲새정치민주연합
,10,100120172,야당
,10,100120172,졸업▲서울대
,10,100120172,참여(민선6기)▲국회
,10,100120172,졸업▲제27회
,10,100120172,간사(現)▲새정치민주연합
,10,100120172,출생(54)▲전주고등학교
,10,100120172,◇
,10,100120172,기
,10,100120172,(전주=뉴스1)
,10,100120172,북도당
,10,100120172,출마▲전북도지사
,10,100120172,위원장
,10,100120172,박효익
,10,100120172,국회의원
,10,100120172,행정고시
,10,100120172,새정치민주연합
,170,100119184,등
,240,100118634,회장
,230,100118634,부회장
,210,100118634,일자리
,180,100118634,대표이사
,180,100118634,▦2009년
,180,100118634,그
,170,100118634,상무
,170,100118634,경제학
,160,100118634,수
,160,100118634,부사장
,160,100118634,국내
,160,100118634,서울대
,150,100118634,미국
,150,100118634,것
,150,100118634,삼성전자
,140,100118634,교수
,140,100118634,박사
,130,100118634,▦2005년
,130,100118634,사장
,2490,100119915,무
,20,100120247,졸업
,20,100120247,1979년
,10,100120247,1999년
,10,100120247,수료
,10,100120247,최고경영자과정
,10,100120247,2006년
,10,100120247,수학
,10,100120247,2004년
,10,100120247,1994년
,10,100120247,1996년
,10,100120247,산업발전
,10,100120247,서울대학교
,10,100120247,부산대학교
,10,100120247,한국소프트웨어진흥원장
,10,100120247,업무혁신팀장(CIO)-
,10,100120247,1970년
,10,100120247,정보관리
,10,100120247,부사장
,10,100120247,2005년
,410,100119640,②한나라당
,260,100118505,대학원
,220,100118505,졸업ㆍ정당인)
,200,100118505,││
,170,100118505,법학
,120,100118505,경영학
,110,100118505,겸임교수
,100,100118505,졸업ㆍ국회의원)
,90,100118505,정치외교학과
,90,100118505,무역학
,60,100118505,중
,60,100118505,행정학
,60,100118505,석사ㆍ정당인)
,60,100118505,법과대학
,60,100118505,사회학
,50,100118505,수료ㆍ동국대학교
,50,100118505,"1,120▲오정익(청)"
,50,100118505,그래픽커뮤니케이션
,50,100118505,박사과정(재무론)
,50,100118505,법학박사ㆍ변호사)
,110,100118932,국회의원
,50,100119799,필▲납세실적:
,50,100119799,현체납액
,50,100119799,체납액
,50,100119799,0원
,50,100119799,前
,50,100119799,남▲학력:
,50,100119799,0원▲전과기록:
,40,100119799,現
,20,100119799,국민참여당
,20,100119799,졸업▲경력:
,20,100119799,동양대학교
,20,100119799,원
,10,100119799,위원장▲재산신고액:
,10,100119799,단양군수▲재산신고액:
,10,100119799,2·3기
,10,100119799,김광직▲나이:
,10,100119799,이완영▲이름:
,10,100119799,생활
,10,100119799,중퇴▲경력:
,470,100120377,것
,390,100119592,등
,370,100119592,것
,340,100119592,출신
,270,100119592,졸업
,220,100119592,청장
,170,100119592,경찰청
,160,100119592,법학과
,160,100119592,성과주의
,150,100119592,역임
,150,100119592,사건
,140,100119592,이
,140,100119592,서장
,130,100119592,검찰
,130,100119592,경대
,130,100119592,천서
,120,100119592,조현오
,120,100119592,기획조정실장
,120,100119592,자리
,120,100119592,조직
,150,100119184,변호사
,140,100119184,말
,130,100119184,사람
,120,100119184,그
,120,100119184,예비후보
,90,100119184,것
,90,100119184,중
,80,100119184,대통령
,80,100119184,등록
,70,100119184,”
,70,100119184,책
,60,100119184,속
,60,100119184,뒤
,60,100119184,동안
,60,100119184,전
,60,100119184,인터뷰
,50,100119184,무히카
,50,100119184,후
,50,100119184,출마
,900,100119112,것
,1390,100119915,전
,400,100119915,53
,350,100119915,재학
,350,100119915,49
,340,100119915,대학원
,330,100119915,55
,310,100119915,48
,280,100119915,51
,280,100119915,50
,260,100119915,58
,250,100119915,중퇴
,250,100119915,영남대
,240,100119915,54
,240,100119915,경북대
,230,100119915,대표이사
,230,100119915,상주대
,230,100119915,61
,220,100119915,60
,210,100119915,57
,410,100118530,②한나라당
,370,100119640,졸업
,140,100119640,④정당
,90,100119640,②열린우리당
,50,100119640,⑥전
,40,100119640,⑦53.
,40,100119640,⑦58.
,40,100119640,의원
,30,100119640,⑦62.
,30,100119640,⑦40.
,30,100119640,④약사
,30,100119640,1①경기
,30,100119640,⑦67.
,30,100119640,④자영업
,30,100119640,⑦63.
,30,100119640,⑦46.
,30,100119640,대학원
,30,100119640,⑦49.
,30,100119640,법학
,30,100119640,④정치
,350,100120219,박근혜
,110,100118932,대학원
,70,100118932,전
,60,100118932,국회
,40,100118932,통합민주당
,40,100118932,한나라당
,40,100118932,의학
,30,100118932,*서울대학교
,30,100118932,현
,30,100118932,11명
,30,100118932,제18대
,30,100118932,졸업
,30,100118932,사회복지학
,30,100118932,사회개발대학원
,30,100118932,4명
,30,100118932,졸업(의학박사)
,30,100118932,석사
,20,100118932,18대
,20,100118932,간사*한나라당
,20,100118932,박사과정
,180,100118499,─────
,380,100120377,교과서
,250,100120377,수
,190,100120377,역사
,150,100120377,그
,140,100120377,때
,130,100120377,말
,130,100120377,가치
,130,100120377,등
,110,100120377,국정화
,110,100120377,이
,90,100120377,건강
,90,100120377,공개
,90,100120377,한나라당
,80,100120377,전
,80,100120377,의원
,70,100120377,정권
,70,100120377,집필진
,70,100120377,때문
,70,100120377,산업화
,400,100119112,이야기
,400,100119112,로스쿨
,340,100119112,저
,280,100119112,인터뷰
,260,100119112,거
,240,100119112,수
,220,100119112,변호사시험
,180,100119112,국민들
,180,100119112,생각
,180,100119112,학교
,180,100119112,변호사
,160,100119112,부분
,140,100119112,졸업시험
,140,100119112,시험
,140,100119112,말
,120,100119112,아이들
,120,100119112,앵커
,120,100119112,일
,120,100119112,우리
,590,100120422,전
,370,100118530,졸업
,140,100118530,④정당
,90,100118530,②열린우리당
,50,100118530,⑥전
,40,100118530,⑦53.
,40,100118530,⑦58.
,40,100118530,의원
,30,100118530,⑦62.
,30,100118530,⑦40.
,30,100118530,④약사
,30,100118530,1①경기
,30,100118530,⑦67.
,30,100118530,④자영업
,30,100118530,⑦63.
,30,100118530,⑦46.
,30,100118530,대학원
,30,100118530,⑦49.
,30,100118530,법학
,30,100118530,④정치
,120,100119381,갑☆당선자
,320,100120219,후보
,290,100120219,전
,280,100120219,것
,280,100120219,박정희
,260,100120219,회장
,240,100120219,대통령
,210,100120219,그
,190,100120219,등
,120,100120219,중
,110,100120219,혼맥
,100,100120219,바
,100,100120219,때
,100,100120219,사이
,90,100120219,뒤
,90,100120219,국무총리
,90,100120219,수
,80,100120219,장남
,80,100120219,아버지
,80,100120219,대통령의
,280,100118840,전
,100,100118499,││
,100,100118499,대학원
,80,100118499,졸업ㆍ정당인)
,60,100118499,법학
,40,100118499,정치외교학과
,40,100118499,겸임교수
,40,100118499,행정학
,40,100118499,경영학
,40,100118499,졸업ㆍ국회의원)
,40,100118499,무역학
,20,100118499,"1,120▲오정익(청)"
,20,100118499,"31,076▲서정민(창)"
,20,100118499,"31,564▲김동성(새)"
,20,100118499,행
,20,100118499,석사ㆍ정당인)
,20,100118499,"4,039◇동대문구을☆당선자"
,20,100118499,신계륜(민ㆍ57ㆍ고려대학교
,20,100118499,"43,358▲윤정호(행)"
,20,100118499,박사과정
,790,100119374,전
,360,100120422,졸업
,200,100120422,대학원
,140,100120422,의원
,130,100120422,민주당
,120,100120422,전라북도의회
,90,100120422,/정당인/전북대학교
,90,100120422,익산시의회
,80,100120422,원광대학교
,70,100120422,수료
,70,100120422,박사과정
,70,100120422,법학
,60,100120422,/정당인/원광대학교
,60,100120422,행정대학원
,60,100120422,전라북
,60,100120422,전주대학교
,60,100120422,대표
,60,100120422,회장
,50,100120422,8대
,50,100120422,/정당인/전주대학교
,450,100119590,졸업
,120,100119381,졸업ㆍ현의원)
,110,100119381,을☆당선자
,40,100119381,분당구
,40,100119381,법대
,40,100119381,동안구
,40,100119381,원미구
,20,100119381,위스콘신대
,20,100119381,"1,039▲이대의(정)"
,20,100119381,"42,405▲이정국(민)"
,20,100119381,"2,764▲윤용호(무)"
,20,100119381,김태년(민ㆍ47ㆍ경희대
,20,100119381,전하진(새ㆍ53ㆍ연세대
,20,100119381,석사ㆍ17대국회의원)
,20,100119381,"3,249◇평택"
,20,100119381,"43,599◇성남"
,20,100119381,예일대학교
,20,100119381,"53,257▲이면구(무)"
,20,100119381,"1,607▲윤학상(행)"
,250,100118840,새누리당
,180,100118840,대학원
,150,100118840,새정치민주연합
,140,100118840,정당
,120,100118840,부산대학교
,100,100118840,졸업
,90,100118840,수료
,90,100118840,국회의원
,80,100118840,박사과정
,60,100118840,동아대학교
,60,100118840,법학
,60,100118840,대표이사
,50,100118840,무소속
,50,100118840,(현)새누리당
,50,100118840,변호사
,50,100118840,여
,40,100118840,57세
,40,100118840,서울대학교
,40,100118840,고려대학교
,100,100119261,학생운동
,470,100119374,이사장
,340,100119374,등
,290,100119374,오찬
,290,100119374,의원
,280,100119374,만찬
,220,100119374,김경희
,200,100119374,것
,200,100119374,건국대
,190,100119374,후보
,190,100119374,수
,190,100119374,리스트
,180,100119374,─────
,170,100119374,그
,150,100119374,이
,150,100119374,건강검진권
,140,100119374,골프
,130,100119374,2011년
,120,100119374,병원
,110,100119374,차례
,240,100118547,후보
,330,100119590,"▲민주통합당,"
,210,100119590,전북대학교
,200,100119590,전
,170,100119590,대학원
,150,100119590,"▲민주당,"
,140,100119590,서울대학교
,110,100119590,행정대학원
,100,100119590,고려대학교
,90,100119590,법학
,80,100119590,박사과정
,80,100119590,등록
,70,100119590,행정학
,70,100119590,성균관대학교
,70,100119590,"▲통합진보당,"
,70,100119590,예비후보
,60,100119590,수료
,60,100119590,전주대학교
,60,100119590,원광대학교
,50,100119590,선거구별
,100,100120084,졸업ㆍ정당인)
,20,100119381,"36,953▲박광진(무)"
,1250,100120206,의원
,100,100119261,변호사
,80,100119261,것
,70,100119261,82학번
,60,100119261,때
,60,100119261,이
,60,100119261,말
,50,100119261,수
,50,100119261,원희룡
,50,100119261,법대
,40,100119261,경우
,40,100119261,사람
,40,100119261,공부
,40,100119261,의원
,40,100119261,생각
,30,100119261,길
,30,100119261,운동
,30,100119261,서울대
,30,100119261,그룹
,30,100119261,출신
,200,100119911,논문
,180,100118547,등
,120,100118547,것
,120,100118547,수
,120,100118547,이사회
,110,100118547,서울
,100,100118547,지역
,100,100118547,황
,100,100118547,백
,80,100118547,판사
,70,100118547,이
,70,100118547,총장
,70,100118547,공천
,60,100118547,정부
,60,100118547,직무대행
,60,100118547,이날
,60,100118547,일꾼
,60,100118547,전
,60,100118547,정보통신부
,60,100118547,당연직
,270,100119918,─────
,60,100120084,대학원
,40,100120084,법학
,40,100120084,경영학
,30,100120084,정치외교학과
,30,100120084,겸임교수
,30,100120084,졸업ㆍ국회의원)
,30,100120084,무역학
,20,100120084,석사ㆍ정당인)
,20,100120084,행정학
,20,100120084,법과대학
,20,100120084,사회학
,10,100120084,"31,564▲김동성(새)"
,10,100120084,"31,076▲서정민(창)"
,10,100120084,신경민(민ㆍ58ㆍ서울대학교
,10,100120084,"45,422◇동작구을☆당선자"
,10,100120084,정몽준(새ㆍ60ㆍ서울대학교
,10,100120084,"35,380▲김영호(민)"
,10,100120084,916◇광진구갑☆당선자
,10,100120084,"4,039◇동대문구을☆당선자"
,330,100119339,"▲민주통합당,"
,880,100120206,그
,570,100120206,것
,560,100120206,위원장
,450,100120206,말
,430,100120206,당시
,360,100120206,수
,360,100120206,전
,340,100120206,국회
,300,100120206,국회의원
,280,100120206,대통령
,230,100120206,등
,220,100120206,조
,220,100120206,원내대표
,220,100120206,대선
,220,100120206,정치
,210,100120206,때
,210,100120206,당
,200,100120206,최
,180,100120206,투쟁
,240,100118901,것
,180,100119911,당선자
,150,100119911,것
,70,100119911,교수
,70,100119911,추천
,60,100119911,새노조
,60,100119911,국회의원
,60,100119911,의원
,50,100119911,리포트
,50,100119911,이
,50,100119911,6회
,50,100119911,아침
,50,100119911,교육
,50,100119911,의혹
,50,100119911,졸업
,50,100119911,유투브
,50,100119911,지적
,50,100119911,내용
,50,100119911,27일
,40,100119911,뉴스9'
,110,100119320,8
,210,100119918,졸업ㆍ정당인)
,200,100119918,대학원
,150,100119918,││
,130,100119918,법학
,100,100119918,경영학
,90,100119918,겸임교수
,90,100119918,졸업ㆍ국회의원)
,90,100119918,무역학
,80,100119918,정치외교학과
,60,100119918,행정학
,50,100119918,석사ㆍ정당인)
,50,100119918,법과대학
,50,100119918,사회학
,40,100119918,수료ㆍ동국대학교
,40,100119918,무역대학원
,40,100119918,"31,361▲박춘엽(정)"
,40,100119918,"1,152▲진성호(무)"
,40,100119918,"1,120▲오정익(청)"
,40,100119918,그래픽커뮤니케이션
,270,100119639,─────
,270,100119339,졸업
,140,100119339,전
,130,100119339,전북대학교
,110,100119339,대학원
,80,100119339,서울대학교
,70,100119339,행정대학원
,60,100119339,원광대학교
,60,100119339,법학
,50,100119339,성균관대학교
,50,100119339,고려대학교
,40,100119339,수료
,40,100119339,박사과정
,40,100119339,등록
,40,100119339,전주대학교
,40,100119339,"▲무소속,"
,40,100119339,예비후보
,40,100119339,행정학
,40,100119339,국회의원
,40,100119339,"▲통합진보당,"
,110,100118901,20대
,90,100118901,비율
,80,100118901,경향
,80,100118901,3
,70,100118901,성공조건
,70,100118901,2
,60,100118901,반대
,60,100118901,50대
,60,100118901,학벌
,60,100118901,장년층
,60,100118901,고교평준화
,60,100118901,기여입학제
,50,100118901,현행유지
,50,100118901,40대
,50,100118901,40-50대
,50,100118901,‘학벌’
,50,100118901,5
,40,100118901,‘개인
,40,100118901,‘출신배경’
,120,100119872,갑☆당선자
,80,100119320,2
,70,100119320,1
,50,100119320,미국
,40,100119320,지식경제부
,30,100119320,3
,30,100119320,위스콘신대학교
,30,100119320,대통령
,30,100119320,2006.
,20,100119320,서울대학교
,20,100119320,2010
,20,100119320,전면개정판
,20,100119320,산자부
,20,100119320,북한
,20,100119320,2000.
,20,100119320,12
,20,100119320,"(세경사,"
,20,100119320,2009.
,10,100119320,저
,10,100119320,법학박사(S.
,210,100119639,졸업ㆍ정당인)
,200,100119639,대학원
,150,100119639,││
,130,100119639,법학
,100,100119639,경영학
,90,100119639,겸임교수
,90,100119639,졸업ㆍ국회의원)
,90,100119639,무역학
,80,100119639,정치외교학과
,60,100119639,행정학
,50,100119639,석사ㆍ정당인)
,50,100119639,법과대학
,50,100119639,사회학
,40,100119639,수료ㆍ동국대학교
,120,100119872,졸업ㆍ현의원)
,110,100119872,을☆당선자
,40,100119872,분당구
,40,100119872,법대
,40,100119872,동안구
,40,100119872,원미구
,20,100119872,위스콘신대
,20,100119872,"1,039▲이대의(정)"
,20,100119872,"42,405▲이정국(민)"
,20,100119872,"2,764▲윤용호(무)"
,20,100119872,김태년(민ㆍ47ㆍ경희대
,20,100119872,전하진(새ㆍ53ㆍ연세대
,20,100119872,석사ㆍ17대국회의원)
,20,100119872,"3,249◇평택"
,20,100119872,"43,599◇성남"
,40,100119639,무역대학원
,40,100119639,"31,361▲박춘엽(정)"
,40,100119639,"1,152▲진성호(무)"
,40,100119639,"1,120▲오정익(청)"
,40,100119639,그래픽커뮤니케이션
,190,100119402,것
,20,100119872,예일대학교
,20,100119872,"53,257▲이면구(무)"
,20,100119872,"1,607▲윤학상(행)"
,20,100119872,"36,953▲박광진(무)"
,760,100120229,전
,170,100119402,대변인
,140,100119402,정치인
,120,100119402,때
,100,100119402,저
,100,100119402,여성
,100,100119402,대변
,80,100119402,원내
,80,100119402,수
,80,100119402,당
,70,100119402,정치
,70,100119402,의원
,60,100119402,말
,60,100119402,비판
,60,100119402,들
,60,100119402,모습
,50,100119402,이야기
,50,100119402,영역’
,40,100119402,민현주
,40,100119402,국회
,270,100118992,─────
,450,100120229,이사장
,290,100120229,오찬
,280,100120229,만찬
,260,100120229,등
,220,100120229,김경희
,200,100120229,건국대
,200,100120229,의원
,190,100120229,리스트
,150,100120229,것
,150,100120229,건강검진권
,140,100120229,골프
,130,100120229,2011년
,120,100120229,병원
,120,100120229,수
,110,100120229,이
,110,100120229,차례
,110,100120229,2010년
,100,100120229,건강검진
,100,100120229,등장
,520,100120057,전
,210,100118992,졸업ㆍ정당인)
,200,100118992,대학원
,150,100118992,││
,130,100118992,법학
,100,100118992,경영학
,90,100118992,겸임교수
,90,100118992,졸업ㆍ국회의원)
,90,100118992,무역학
,80,100118992,정치외교학과
,60,100118992,행정학
,50,100118992,석사ㆍ정당인)
,50,100118992,법과대학
,50,100118992,사회학
,40,100118992,수료ㆍ동국대학교
,40,100118992,무역대학원
,40,100118992,"31,361▲박춘엽(정)"
,40,100118992,"1,152▲진성호(무)"
,40,100118992,"1,120▲오정익(청)"
,40,100118992,그래픽커뮤니케이션
,270,100119564,─────
,450,100120057,민주통합당
,320,100120057,무소속
,310,100120057,국회의원
,130,100120057,정통민주당
,100,100120057,49세
,90,100120057,세/새누리당/(전)
,90,100120057,세/새누리당/(현)제18대
,80,100120057,여
,70,100120057,통합진보당
,70,100120057,민주당
,60,100120057,51세
,60,100120057,46세
,60,100120057,53세
,50,100120057,55세
,50,100120057,겸임교수
,50,100120057,52세
,50,100120057,지역위원장
,50,100120057,48세
,40,100120057,18대
,240,100118720,나
,210,100119564,졸업ㆍ정당인)
,200,100119564,대학원
,170,100119564,의원
,150,100119564,││
,130,100119564,박
,130,100119564,법학
,100,100119564,경영학
,90,100119564,겸임교수
,90,100119564,졸업ㆍ국회의원)
,90,100119564,무역학
,80,100119564,정치외교학과
,70,100119564,그
,70,100119564,문제
,70,100119564,의원들
,60,100119564,것
,60,100119564,행정학
,60,100119564,국회
,50,100119564,중
,50,100119564,석사ㆍ정당인)
,270,100119929,─────
,170,100118720,것
,120,100118720,하나님
,100,100118720,마음
,80,100118720,수
,80,100118720,손님
,80,100118720,말씀
,80,100118720,사람
,80,100118720,”
,60,100118720,전
,60,100118720,내
,60,100118720,일
,60,100118720,당선
,60,100118720,뜻
,50,100118720,기도원
,40,100118720,시작
,40,100118720,가정
,40,100118720,불가능
,40,100118720,공장
,40,100118720,두
,1690,100119498,것
,210,100119929,졸업ㆍ정당인)
,200,100119929,대학원
,150,100119929,││
,130,100119929,법학
,100,100119929,경영학
,90,100119929,겸임교수
,90,100119929,졸업ㆍ국회의원)
,90,100119929,무역학
,80,100119929,정치외교학과
,60,100119929,행정학
,50,100119929,석사ㆍ정당인)
,50,100119929,법과대학
,50,100119929,사회학
,40,100119929,수료ㆍ동국대학교
,40,100119929,무역대학원
,40,100119929,"31,361▲박춘엽(정)"
,40,100119929,"1,152▲진성호(무)"
,40,100119929,"1,120▲오정익(청)"
,40,100119929,그래픽커뮤니케이션
,280,100120345,것
,810,100119498,등
,670,100119498,그
,660,100119498,수
,500,100119498,생각
,490,100119498,거
,360,100119498,책
,320,100119498,나
,310,100119498,때
,310,100119498,교수
,300,100119498,정도
,300,100119498,때문
,300,100119498,사람
,250,100119498,그것
,240,100119498,우리
,240,100119498,데
,230,100119498,미국
,220,100119498,전
,220,100119498,일
,200,100119498,말
,160,100118368,"군필,"
,180,100120345,시위
,150,100120345,그
,110,100120345,이
,110,100120345,등
,110,100120345,학생운동
,90,100120345,출마
,90,100120345,총선
,90,100120345,청연
,80,100120345,도서관
,80,100120345,준비
,70,100120345,서클
,70,100120345,17대
,70,100120345,민연
,70,100120345,명
,60,100120345,이름
,60,100120345,지도부
,60,100120345,조성우
,60,100120345,총학생회
,60,100120345,철야농성
,330,100119745,것
,80,100118368,2번
,80,100118368,졸업
,80,100118368,1번
,70,100118368,전
,70,100118368,정당
,70,100118368,한
,50,100118368,안산시
,50,100118368,46
,40,100118368,국회의원
,30,100118368,재학중
,30,100118368,51
,30,100118368,사무국장
,30,100118368,민주당
,30,100118368,고려대학교
,30,100118368,해당
,20,100118368,사무총장
,20,100118368,석사과정
,20,100118368,부회장
,20,100118368,수료
,520,100118645,전
,200,100119745,시장
,160,100119745,성북구
,160,100119745,박원순
,130,100119745,서울시
,130,100119745,수
,110,100119745,생각
,80,100119745,당시
,70,100119745,변화
,70,100119745,문제
,70,100119745,전
,70,100119745,해결
,60,100119745,대통령
,60,100119745,‘서울시
,60,100119745,사람
,60,100119745,기동민
,50,100119745,이
,50,100119745,행정
,50,100119745,무상
,50,100119745,김근태
,360,100119041,─────
,450,100118645,민주통합당
,320,100118645,무소속
,310,100118645,국회의원
,130,100118645,정통민주당
,100,100118645,49세
,90,100118645,세/새누리당/(전)
,90,100118645,세/새누리당/(현)제18대
,80,100118645,여
,70,100118645,통합진보당
,70,100118645,민주당
,60,100118645,51세
,60,100118645,46세
,60,100118645,53세
,50,100118645,55세
,50,100118645,겸임교수
,50,100118645,52세
,50,100118645,지역위원장
,50,100118645,48세
,40,100118645,18대
,430,100120137,전
,240,100119041,대학원
,220,100119041,졸업ㆍ정당인)
,200,100119041,││
,150,100119041,법학
,120,100119041,경영학
,110,100119041,겸임교수
,100,100119041,졸업ㆍ국회의원)
,90,100119041,정치외교학과
,90,100119041,무역학
,60,100119041,행정학
,60,100119041,석사ㆍ정당인)
,60,100119041,법과대학
,60,100119041,사회학
,50,100119041,수료ㆍ동국대학교
,50,100119041,"1,120▲오정익(청)"
,50,100119041,그래픽커뮤니케이션
,50,100119041,박사과정(재무론)
,50,100119041,법학박사ㆍ변호사)
,50,100119041,박사과정
,1520,100120051,소득
,310,100120137,현
,280,100120137,대학원
,240,100120137,졸업
,160,100120137,억
,110,100120137,해당
,100,100120137,충주시의회
,90,100120137,중퇴
,80,100120137,충북도당
,80,100120137,충주시
,80,100120137,의원
,80,100120137,회장
,80,100120137,선거구>▲
,60,100120137,새누리
,50,100120137,/새/청주대
,50,100120137,재학
,50,100120137,1
,50,100120137,총동문회
,50,100120137,건(도로교통법)▲
,50,100120137,만원/없음▲
,480,100120110,것
,690,100120051,"병역필(병장),"
,490,100120051,등
,450,100120051,위반
,380,100120051,종부
,370,100120051,병역
,350,100120051,벌금
,340,100120051,징역
,330,100120051,비대상
,280,100120051,후보
,260,100120051,1억
,230,100120051,집행유예
,160,100120051,"병역필(이병),"
,150,100120051,1년
,130,100120051,도로교통법
,130,100120051,4억
,130,100120051,0원
,120,100120051,2년
,120,100120051,대표
,110,100120051,"병역필(일병),"
,100,100118558,졸업ㆍ정당인)
,470,100120110,회장
,300,100120110,수
,220,100120110,동부
,210,100120110,전
,190,100120110,등
,160,100120110,사장
,160,100120110,일
,140,100120110,문제
,140,100120110,때문
,130,100120110,부회장
,130,100120110,아이
,130,100120110,그룹
,130,100120110,창업
,120,100120110,동부그룹
,120,100120110,아들
,110,100120110,남호씨
,110,100120110,엄마들
,110,100120110,과정
,110,100120110,정책
,540,100118714,전
,60,100118558,대학원
,40,100118558,법학
,40,100118558,경영학
,30,100118558,정치외교학과
,30,100118558,겸임교수
,30,100118558,졸업ㆍ국회의원)
,30,100118558,무역학
,20,100118558,석사ㆍ정당인)
,20,100118558,행정학
,20,100118558,법과대학
,20,100118558,사회학
,10,100118558,"31,564▲김동성(새)"
,10,100118558,"31,076▲서정민(창)"
,10,100118558,신경민(민ㆍ58ㆍ서울대학교
,10,100118558,"45,422◇동작구을☆당선자"
,10,100118558,정몽준(새ㆍ60ㆍ서울대학교
,10,100118558,"35,380▲김영호(민)"
,10,100118558,916◇광진구갑☆당선자
,10,100118558,"4,039◇동대문구을☆당선자"
,100,100119634,졸업ㆍ정당인)
,450,100118714,민주통합당
,350,100118714,국회의원
,320,100118714,무소속
,260,100118714,것
,140,100118714,한나라당
,130,100118714,정통민주당
,130,100118714,의원
,110,100118714,법학사
,100,100118714,교수
,100,100118714,49세
,90,100118714,세/새누리당/(전)
,90,100118714,세/새누리당/(현)제18대
,90,100118714,민주당
,80,100118714,비대위원
,80,100118714,로스쿨
,80,100118714,공천
,80,100118714,수
,80,100118714,여
,70,100118714,정책
,520,100118533,원
,60,100119634,대학원
,40,100119634,법학
,40,100119634,경영학
,30,100119634,정치외교학과
,30,100119634,겸임교수
,30,100119634,졸업ㆍ국회의원)
,30,100119634,무역학
,20,100119634,석사ㆍ정당인)
,20,100119634,행정학
,20,100119634,법과대학
,20,100119634,사회학
,10,100119634,"31,564▲김동성(새)"
,10,100119634,"31,076▲서정민(창)"
,10,100119634,신경민(민ㆍ58ㆍ서울대학교
,10,100119634,"45,422◇동작구을☆당선자"
,10,100119634,정몽준(새ㆍ60ㆍ서울대학교
,10,100119634,"35,380▲김영호(민)"
,10,100119634,916◇광진구갑☆당선자
,10,100119634,"4,039◇동대문구을☆당선자"
,1820,100119514,의원
,400,100118533,병역필
,340,100118533,졸업
,110,100118533,정당
,100,100118533,자영업
,100,100118533,9000원
,80,100118533,대전시당
,80,100118533,49
,70,100118533,한
,60,100118533,1년
,60,100118533,4억
,60,100118533,부의장
,60,100118533,1억
,60,100118533,유성구의회
,60,100118533,2000원
,60,100118533,충남대
,40,100118533,유성구의회의장
,40,100118533,재학중
,40,100118533,해동검
,40,100118533,유성구
,430,100118712,전
,810,100119514,그
,660,100119514,것
,560,100119514,전
,430,100119514,후보
,400,100119514,수
,400,100119514,최
,390,100119514,말
,380,100119514,국회
,370,100119514,때
,370,100119514,위원장
,340,100119514,당시
,330,100119514,등
,320,100119514,새누리당
,300,100119514,대표
,290,100119514,국회의원
,280,100119514,원내대표
,240,100119514,조
,240,100119514,출마
,240,100119514,총선
,170,100120332,것
,390,100118712,납세액
,380,100118712,재산
,220,100118712,졸업
,180,100118712,정당
,120,100118712,병장
,110,100118712,서울대학교
,70,100118712,민주
,70,100118712,선진
,70,100118712,국회의원
,70,100118712,대학원
,60,100118712,충북대학교
,60,100118712,변호사
,50,100118712,한
,40,100118712,0
,40,100118712,법학
,40,100118712,법과대학
,40,100118712,육군
,40,100118712,여.민노
,40,100118712,병역
,100,100119945,것
,150,100120332,전
,130,100120332,외고
,100,100120332,졸업ㆍ정당인)
,100,100120332,서울대
,90,100120332,수
,80,100120332,수석
,80,100120332,의원
,70,100120332,등
,70,100120332,76학번
,70,100120332,이
,60,100120332,평준화
,60,100120332,대학원
,60,100120332,홍보수석
,60,100120332,특보
,50,100120332,내정자
,50,100120332,사교육
,50,100120332,기자
,50,100120332,경영학
,50,100120332,때문
,540,100119987,것
,80,100119945,상명대
,70,100119945,포럼
,60,100119945,전
,50,100119945,승계
,50,100119945,이
,50,100119945,관세청
,50,100119945,청장
,50,100119945,중소기업
,40,100119945,박사
,40,100119945,강조
,40,100119945,가업
,40,100119945,중국
,40,100119945,세관장
,40,100119945,활성화
,40,100119945,대표
,40,100119945,지원
,40,100119945,등
,40,100119945,청년들
,40,100119945,창업
,280,100119987,수
,240,100119987,사회
,230,100119987,융
,220,100119987,사람
,210,100119987,저
,200,100119987,우리
,200,100119987,여성
,180,100119987,생각
,160,100119987,나
,140,100119987,거예요
,130,100119987,거
,130,100119987,때
,120,100119987,책
,110,100119987,노인
,1190,100119226,것
,90,100119987,문제
,90,100119987,아이
,90,100119987,세대
,80,100119987,적
,80,100119987,삶
,100,100118621,졸업ㆍ정당인)
,510,100119226,비서관
,470,100119226,노
,460,100119226,당선자
,410,100119226,생각
,390,100119226,수
,380,100119226,문제
,290,100119226,때
,260,100119226,등
,190,100119226,청와대
,180,100119226,정치
,170,100119226,의원
,170,100119226,때문
,150,100119226,역할
,140,100119226,정부
,140,100119226,일
,140,100119226,세월호
,130,100119226,정치적
,130,100119226,야당
,130,100119226,동안
,1040,100119931,회장
,60,100118621,대학원
,40,100118621,법학
,40,100118621,경영학
,30,100118621,정치외교학과
,30,100118621,겸임교수
,30,100118621,졸업ㆍ국회의원)
,30,100118621,무역학
,20,100118621,석사ㆍ정당인)
,20,100118621,행정학
,20,100118621,법과대학
,20,100118621,사회학
,10,100118621,"31,564▲김동성(새)"
,10,100118621,"31,076▲서정민(창)"
,10,100118621,신경민(민ㆍ58ㆍ서울대학교
,10,100118621,"45,422◇동작구을☆당선자"
,10,100118621,정몽준(새ㆍ60ㆍ서울대학교
,10,100118621,"35,380▲김영호(민)"
,10,100118621,916◇광진구갑☆당선자
,10,100118621,"4,039◇동대문구을☆당선자"
,1060,100120403,것
,510,100119931,등
,410,100119931,졸업
,380,100119931,병역필
,380,100119931,사장
,360,100119931,경영
,350,100119931,부회장
,350,100119931,그룹
,320,100119931,미국
,300,100119931,부사장
,300,100119931,전
,240,100119931,중
,230,100119931,입사
,230,100119931,장남
,220,100119931,경영학
,220,100119931,한
,180,100119931,출신
,180,100119931,3세
,170,100119931,수
,170,100119931,이
,110,100120017,전
,680,100120403,수
,560,100120403,그
,550,100120403,의원
,460,100120403,이명박
,360,100120403,이
,350,100120403,경제
,350,100120403,등
,340,100120403,민원
,320,100120403,원내대표
,310,100120403,우리
,300,100120403,일
,290,100120403,당선자
,280,100120403,말
,280,100120403,홍
,270,100120403,한나라당
,110,100120017,병역필
,100,100120017,졸업
,70,100120017,정당
,70,100120017,한
,50,100120017,비대상
,50,100120017,여
,30,100120017,아주대학교
,30,100120017,51
,30,100120017,경기도의원
,30,100120017,재학
,30,100120017,용인시
,20,100120017,53
,20,100120017,한나라당
,20,100120017,체육학
,20,100120017,경기
,20,100120017,겸임교수
,20,100120017,60
,20,100120017,고려대학교
,250,100120403,총선
,240,100120403,지역
,240,100120403,때문
,230,100120403,전
,550,100119469,의원
,20,100120017,대학원
,380,100120298,병역필
,400,100119469,것
,400,100119469,변호사
,360,100119469,로스쿨
,250,100119469,전
,250,100119469,그
,220,100119469,수
,220,100119469,신
,220,100119469,의장
,190,100119469,등
,170,100119469,말
,220,100120298,졸업
,220,100120298,한
,160,100120298,전
,140,100120298,재학
,140,100120298,정당
,130,100120298,용인시의원
,80,100120298,자영업
,80,100120298,"0원(현체납),"
,50,100120298,무
,50,100120298,대표
,50,100120298,46
,140,100119469,졸업
,130,100119469,사법시험
,130,100119469,◀
,130,100119469,부친
,120,100119469,이
,120,100119469,시험
,120,100119469,명
,110,100119469,열린우리당
,100,100119469,당선
,100,100118730,졸업ㆍ정당인)
,40,100120298,38
,40,100120298,행정학
,40,100120298,경영대학원
,60,100118730,대학원
,40,100118730,법학
,40,100118730,경영학
,40,100120298,49
,40,100120298,한국방송통신대학교
,40,100120298,한국외국어대학교
,30,100118730,정치외교학과
,30,100118730,겸임교수
,30,100118730,졸업ㆍ국회의원)
,40,100120298,용인송담대학
,40,100120298,"병역미필,"
,1040,100119403,회장
,30,100118730,무역학
,20,100118730,석사ㆍ정당인)
,20,100118730,행정학
,20,100118730,법과대학
,20,100118730,사회학
,10,100118730,"31,564▲김동성(새)"
,10,100118730,"31,076▲서정민(창)"
,10,100118730,신경민(민ㆍ58ㆍ서울대학교
,10,100118730,"45,422◇동작구을☆당선자"
,10,100118730,정몽준(새ㆍ60ㆍ서울대학교
,10,100118730,"35,380▲김영호(민)"
,10,100118730,916◇광진구갑☆당선자
,10,100118730,"4,039◇동대문구을☆당선자"
,2500,100120253,무
,510,100119403,등
,410,100119403,졸업
,380,100119403,병역필
,380,100119403,사장
,360,100119403,경영
,350,100119403,부회장
,350,100119403,그룹
,320,100119403,미국
,300,100119403,부사장
,300,100119403,전
,240,100119403,중
,230,100119403,입사
,230,100119403,장남
,220,100119403,경영학
,220,100119403,한
,180,100119403,출신
,180,100119403,3세
,170,100119403,수
,170,100119403,이
,380,100119899,병역필
,1380,100120253,전
,400,100120253,53
,390,100120253,대학원
,350,100120253,재학
,350,100120253,49
,330,100120253,55
,310,100120253,48
,280,100120253,51
,280,100120253,50
,260,100120253,58
,250,100120253,중퇴
,250,100120253,영남대
,240,100120253,54
,240,100120253,경북대
,230,100120253,상주대
,230,100120253,61
,220,100120253,60
,210,100120253,57
,200,100120253,56
,330,100120211,의원
,220,100119899,졸업
,220,100119899,한
,160,100119899,전
,140,100119899,재학
,140,100119899,정당
,130,100119899,용인시의원
,80,100119899,자영업
,80,100119899,"0원(현체납),"
,50,100119899,무
,50,100119899,대표
,50,100119899,46
,40,100119899,38
,40,100119899,행정학
,40,100119899,경영대학원
,40,100119899,49
,40,100119899,한국방송통신대학교
,40,100119899,한국외국어대학교
,40,100119899,용인송담대학
,40,100119899,"병역미필,"
,140,100118475,후보자
,140,100120211,그
,130,100120211,등
,120,100120211,것
,70,100120211,민주화
,70,100120211,문제
,60,100120211,국정원
,60,100120211,법안
,60,100120211,수
,50,100120211,한반
,50,100120211,말
,50,100120211,전
,40,100120211,이
,40,100120211,민주주의
,40,100120211,북한
,140,100118475,출신
,120,100118475,장관
,100,100118475,것
,100,100118475,졸업
,90,100118475,서울대
,80,100118475,등
,70,100118475,내정자
,70,100118475,선임
,60,100118475,교수
,60,100118475,기
,60,100118475,새누리당
,40,100120211,심사
,30,100120211,장
,30,100120211,내용
,30,100120211,주장
,30,100120211,이상
,130,100119737,등
,50,100118475,대통령
,50,100118475,중앙대
,50,100118475,1명
,50,100118475,1955년
,50,100118475,평가
,50,100118475,경험
,50,100118475,사장
,50,100118475,문화체육관광부
,190,100118444,류
,110,100119737,미국
,90,100119737,자원봉사
,80,100119737,자원봉사센터
,70,100119737,말
,70,100119737,교수
,70,100119737,구청장
,70,100119737,유
,70,100119737,출신
,70,100119737,자원봉사자
,60,100119737,이
,50,100119737,”면서
,50,100119737,강서구
,50,100119737,서울대
,50,100119737,졸업
,50,100119737,활동
,40,100119737,”고
,180,100118444,총장
,150,100118444,사장
,130,100118444,카지노
,110,100118444,것
,80,100118444,파주시장
,80,100118444,수
,70,100118444,대표이사
,70,100118444,강조
,70,100118444,대학
,60,100118444,외국
,60,100118444,류화선
,60,100118444,발전
,60,100118444,등
,60,100118444,강화
,50,100118444,경인여자대학교
,50,100118444,한국경제신문
,50,100118444,고객
,50,100118444,신
,40,100119737,최고
,40,100119737,봉사활동
,40,100119737,명
,330,100120214,칼텍
,50,100118444,경영대학원
,520,100118768,전
,200,100120214,교수
,140,100120214,학생들
,120,100120214,연구
,110,100120214,수
,100,100120214,분야
,90,100120214,입학
,80,100120214,미국
,80,100120214,말
,80,100120214,지원
,80,100120214,등
,70,100120214,학생
,60,100120214,것
,60,100120214,과정
,60,100120214,대학
,50,100120214,연구소
,50,100120214,”고
,50,100120214,총장
,50,100120214,오닐
,50,100120214,과제
,100,100119585,회장
,450,100118768,민주통합당
,320,100118768,무소속
,310,100118768,국회의원
,130,100118768,정통민주당
,100,100118768,49세
,90,100118768,세/새누리당/(전)
,90,100118768,세/새누리당/(현)제18대
,80,100118768,여
,70,100118768,통합진보당
,70,100118768,민주당
,60,100118768,51세
,60,100118768,46세
,60,100118768,53세
,50,100118768,55세
,50,100118768,겸임교수
,50,100118768,52세
,50,100118768,지역위원장
,50,100118768,48세
,40,100118768,18대
,520,100119101,것
,90,100119585,이사장
,70,100119585,수
,60,100119585,것
,60,100119585,학교
,60,100119585,말
,50,100119585,교육
,50,100119585,은광여
,50,100119585,청소년
,50,100119585,그
,40,100119585,(주)스타코넷
,40,100119585,학원
,40,100119585,목동
,40,100119585,사업
,40,100119585,원
,40,100119585,운영
,40,100119585,등
,40,100119585,일
,40,100119585,서울
,30,100119585,두
,100,100118518,졸업ㆍ정당인)
,210,100119101,수
,180,100119101,전
,170,100119101,그
,160,100119101,대선
,150,100119101,총선
,130,100119101,생각
,120,100119101,출마
,110,100119101,무소속
,110,100119101,문제
,110,100119101,참여정부
,110,100119101,지사
,100,100119101,지방선거
,100,100119101,당선
,90,100119101,수도권
,90,100119101,정부
,90,100119101,대통령
,60,100118518,대학원
,40,100118518,법학
,40,100118518,경영학
,30,100118518,정치외교학과
,30,100118518,겸임교수
,30,100118518,졸업ㆍ국회의원)
,30,100118518,무역학
,20,100118518,석사ㆍ정당인)
,20,100118518,행정학
,20,100118518,법과대학
,20,100118518,사회학
,10,100118518,"31,564▲김동성(새)"
,10,100118518,"31,076▲서정민(창)"
,10,100118518,신경민(민ㆍ58ㆍ서울대학교
,10,100118518,"45,422◇동작구을☆당선자"
,10,100118518,정몽준(새ㆍ60ㆍ서울대학교
,10,100118518,"35,380▲김영호(민)"
,10,100118518,916◇광진구갑☆당선자
,10,100118518,"4,039◇동대문구을☆당선자"
,90,100119101,국민
,90,100119101,등
,80,100119101,선거
,40,100120322,출생
,80,100119140,것
,40,100120322,졸업
,40,100120322,△한나라당
,30,100120322,사무총장
,30,100120322,임명
,30,100120322,국회의원
,30,100120322,석사
,20,100120322,제1사무부총장
,20,100120322,기
,20,100120322,재배포
,20,100120322,친박계
,20,100120322,△새누리당
,20,100120322,경기
,20,100120322,재선
,20,100120322,최고위원
,20,100120322,△서울
,20,100120322,원내대표
,20,100120322,새누리당
,20,100120322,선임
,10,100120322,것
,270,100119541,─────
,80,100119140,수
,50,100119140,사람
,50,100119140,나
,50,100119140,선택
,50,100119140,등
,50,100119140,30대
,40,100119140,전
,40,100119140,위원장
,40,100119140,자신
,40,100119140,녹색당
,40,100119140,일
,40,100119140,전기
,210,100119541,졸업ㆍ정당인)
,200,100119541,대학원
,150,100119541,││
,130,100119541,법학
,100,100119541,경영학
,90,100119541,겸임교수
,90,100119541,졸업ㆍ국회의원)
,90,100119541,무역학
,80,100119541,정치외교학과
,60,100119541,행정학
,50,100119541,석사ㆍ정당인)
,50,100119541,법과대학
,50,100119541,사회학
,30,100119140,속
,30,100119140,방사능
,30,100119140,후회
,30,100119140,길
,30,100119140,시간
,30,100119140,내
,30,100119140,인생
,280,100119754,의원
,40,100119541,수료ㆍ동국대학교
,40,100119541,무역대학원
,40,100119541,"31,361▲박춘엽(정)"
,40,100119541,"1,152▲진성호(무)"
,40,100119541,"1,120▲오정익(청)"
,40,100119541,그래픽커뮤니케이션
,30,100119022,대변인
,260,100119754,것
,250,100119754,대표
,240,100119754,나
,220,100119754,그
,190,100119754,등
,170,100119754,서울대
,170,100119754,수
,100,100119754,의장
,90,100119754,법대
,90,100119754,때
,80,100119754,전
,80,100119754,생각
,70,100119754,후
,70,100119754,국제법학회
,70,100119754,적
,70,100119754,사람
,70,100119754,엄마
,70,100119754,판사
,70,100119754,남산
,130,100120177,등
,20,100119022,통합진보당
,20,100119022,사무처장
,20,100119022,서울대
,20,100119022,홍
,20,100119022,경기도당
,20,100119022,신
,20,100119022,화성시
,10,100119022,예비후보
,10,100119022,자문위원
,10,100119022,것
,10,100119022,소장
,10,100119022,수료
,10,100119022,임명
,10,100119022,중
,10,100119022,공동대표
,10,100119022,추진협의회
,10,100119022,대학원
,10,100119022,수
,10,100119022,화성시장
,530,100120024,전
,100,100120177,정보시스템
,90,100120177,것
,80,100120177,수
,70,100120177,산업보안학과
,70,100120177,산업보안
,60,100120177,기술
,60,100120177,지원
,50,100120177,보안
,50,100120177,정보
,40,100120177,저
,40,100120177,중
,40,100120177,과목
,40,100120177,우리
,40,100120177,취업
,40,100120177,기업
,40,100120177,때문
,40,100120177,대학
,40,100120177,관심
,40,100120177,자체
,770,100119643,것
,450,100120024,민주통합당
,320,100120024,무소속
,310,100120024,국회의원
,130,100120024,정통민주당
,100,100120024,49세
,100,100120024,민주당
,90,100120024,위원장
,90,100120024,세/새누리당/(전)
,90,100120024,세/새누리당/(현)제18대
,80,100120024,여
,70,100120024,통합진보당
,60,100120024,최고위원
,60,100120024,지역위원장
,60,100120024,51세
,60,100120024,46세
,60,100120024,등
,60,100120024,53세
,50,100120024,55세
,50,100120024,겸임교수
,80,100119415,병역필
,550,100119643,의원
,470,100119643,출신
,400,100119643,당선자
,330,100119643,그
,320,100119643,서울대
,290,100119643,후보
,280,100119643,운동권
,260,100119643,이
,260,100119643,등
,230,100119643,수
,230,100119643,전
,210,100119643,말
,210,100119643,사건
,210,100119643,민주노동당
,200,100119643,열린우리당
,190,100119643,활동
,180,100119643,학생운동
,180,100119643,한나라당
,180,100119643,서울
,390,100120020,의원
,70,100119415,정당
,60,100119415,전
,60,100119415,졸업
,40,100119415,한
,30,100119415,회장
,30,100119415,고려대학교
,30,100119415,석사
,20,100119415,51
,20,100119415,사회복지학
,20,100119415,경기도의원
,20,100119415,화성시
,20,100119415,비대상
,20,100119415,49
,20,100119415,44
,20,100119415,해당
,20,100119415,여
,10,100119415,"2선(2,3대)"
,10,100119415,전과없음▲홍용선=
,10,100119415,정경대학
,200,100119778,성별
,340,100120020,것
,260,100120020,후보
,170,100120020,한나라당
,150,100120020,이
,150,100120020,등
,150,100120020,관악갑
,120,100120020,정부
,120,100120020,지역
,120,100120020,민주노동당
,120,100120020,국감
,120,100120020,진보신당
,110,100120020,전
,100,100120020,대통령
,100,100120020,서울대
,100,100120020,공약
,100,100120020,수
,100,100120020,경제
,90,100120020,말
,90,100120020,문제
,90,100119142,이씨
,160,100119778,남직업:
,120,100119778,군복무를마친사람전과기록:
,110,100119778,.
,110,100119778,졸업주요경력
,90,100119778,나
,80,100119778,정당인학력
,60,100119778,한나라당
,50,100119778,나이
,50,100119778,무소속
,50,100119778,민주노동당
,40,100119778,결정
,40,100119778,전
,40,100119778,10월
,40,100119778,5시
,40,100119778,없음나이:
,40,100119778,열린우리당
,40,100119778,출마자
,40,100119778,다음
,40,100119778,결과
,830,100120168,것
,80,100119142,전
,70,100119142,다스
,50,100119142,대통령의
,40,100119142,승진
,40,100119142,근무
,30,100119142,부사장
,30,100119142,뒤
,30,100119142,대통령
,20,100119142,회사
,20,100119142,총괄
,20,100119142,1년
,20,100119142,사저
,20,100119142,당시
,20,100119142,졸업
,20,100119142,매형
,20,100119142,내곡동
,20,100119142,회장
,20,100119142,1일
,20,100119142,☞
,60,100120355,어른
,660,100120168,전
,450,100120168,민주통합당
,390,100120168,국회의원
,340,100120168,우리
,330,100120168,수
,320,100120168,무소속
,280,100120168,국민
,270,100120168,대표
,260,100120168,한나라당
,160,100120168,국회
,150,100120168,역할
,130,100120168,정통민주당
,120,100120168,법
,120,100120168,여
,110,100120168,이
,110,100120168,민주당
,110,100120168,등
,100,100120168,친박연대
,100,100120168,문제
,700,100118976,군복무
,40,100120355,인성
,40,100120355,등
,40,100120355,저자
,30,100120355,개념
,30,100120355,인간
,30,100120355,조직
,30,100120355,인성교육
,30,100120355,무엇
,30,100120355,세상
,30,100120355,이
,30,100120355,방송
,30,100120355,책
,30,100120355,선조들
,20,100120355,명강사
,20,100120355,것
,20,100120355,수
,20,100120355,프로그램
,20,100120355,사회생활
,20,100120355,&
,50,100118501,논문
,550,100118976,"마친사람,"
,340,100118976,졸업
,150,100118976,대학원
,130,100118976,정당
,120,100118976,무직
,100,100118976,사람
,80,100118976,행정학
,80,100118976,행정대학원
,80,100118976,58
,70,100118976,정치인
,60,100118976,서울대학교
,50,100118976,회장
,50,100118976,박사과정
,50,100118976,60
,50,100118976,63
,50,100118976,"졸업(행정학석사),"
,50,100118976,54
,50,100118976,마친사람
,50,100118976,의원
,30,100120124,국회의원
,40,100118501,것
,30,100118501,연구
,30,100118501,서울
,30,100118501,이
,30,100118501,그
,20,100118501,실장
,20,100118501,김창렬
,20,100118501,협상
,20,100118501,행정
,20,100118501,노력
,20,100118501,자동차
,20,100118501,주장
,20,100118501,분석
,20,100118501,박사학위
,20,100118501,제출
,20,100118501,박명현
,20,100118501,소음
,20,100118501,위주
,20,100118501,박성중
,1290,100120574,대표
,20,100120124,당선
,20,100120124,대학원
,20,100120124,경기
,20,100120124,17대
,20,100120124,후보자
,20,100120124,성균관대학교
,20,100120124,한나라당
,20,100120124,학위
,20,100120124,활동
,20,100120124,정병국
,10,100120124,2004년
,10,100120124,18대
,10,100120124,뉴스팀
,10,100120124,1977년
,10,100120124,주간동아
,10,100120124,이
,10,100120124,내정
,10,100120124,선거
,10,100120124,정치학
,1100,100120574,것
,450,100120574,수
,370,100120574,직인
,370,100120574,공천
,300,100120574,김무성
,270,100120574,문제
,250,100120574,당
,230,100120574,도장
,210,100120574,이것
,200,100120574,옥새
,190,100120574,거부
,190,100120574,의원
,180,100120574,얘
,180,100120574,당대표
,170,100120574,때문
,160,100120574,뒤
,160,100120574,오늘
,160,100120574,새누리당
,160,100120574,때
,470,100118548,등
,460,100118548,조
,400,100118548,삼부토건
,370,100118548,회장
,310,100118548,전
,250,100118548,장관
,240,100118548,것
,230,100118548,의원
,200,100118548,총회장
,190,100118548,수
,180,100118548,공사
,160,100118548,뒤
,160,100118548,유
,140,100118548,졸업
,140,100118548,때
,110,100118548,결혼
,110,100118548,아들
,110,100118548,그
,100,100118548,부회장
,100,100118548,국회의원
,100,100118800,졸업ㆍ정당인)
,60,100118800,대학원
,40,100118800,법학
,40,100118800,경영학
,30,100118800,정치외교학과
,30,100118800,겸임교수
,30,100118800,졸업ㆍ국회의원)
,30,100118800,무역학
,20,100118800,석사ㆍ정당인)
,20,100118800,행정학
,20,100118800,법과대학
,20,100118800,사회학
,10,100118800,"31,564▲김동성(새)"
,10,100118800,"31,076▲서정민(창)"
,10,100118800,신경민(민ㆍ58ㆍ서울대학교
,10,100118800,"45,422◇동작구을☆당선자"
,10,100118800,정몽준(새ㆍ60ㆍ서울대학교
,10,100118800,"35,380▲김영호(민)"
,10,100118800,916◇광진구갑☆당선자
,10,100118800,"4,039◇동대문구을☆당선자"
,100,100120098,졸업ㆍ정당인)
,60,100120098,대학원
,40,100120098,법학
,40,100120098,경영학
,30,100120098,정치외교학과
,30,100120098,겸임교수
,30,100120098,졸업ㆍ국회의원)
,30,100120098,무역학
,20,100120098,석사ㆍ정당인)
,20,100120098,행정학
,20,100120098,법과대학
,20,100120098,사회학
,10,100120098,"31,564▲김동성(새)"
,10,100120098,"31,076▲서정민(창)"
,10,100120098,신경민(민ㆍ58ㆍ서울대학교
,10,100120098,"45,422◇동작구을☆당선자"
,10,100120098,정몽준(새ㆍ60ㆍ서울대학교
,10,100120098,"35,380▲김영호(민)"
,10,100120098,916◇광진구갑☆당선자
,10,100120098,"4,039◇동대문구을☆당선자"
,20,100119645,내일신문
,10,100119645,전재
,10,100119645,ⓒThe
,10,100119645,재배포
,10,100119645,무단
,10,100119645,금지
,10,100119645,[저작권자ⓒ
,410,100119515,위원장
,260,100119515,인권위
,160,100119515,등
,140,100119515,논문
,140,100119515,연
,120,100119515,것
,120,100119515,이
,120,100119515,인권
,90,100119515,■
,80,100119515,원세훈
,80,100119515,의혹
,70,100119515,저
,60,100119515,후
,60,100119515,비판
,60,100119515,2009년
,60,100119515,전
,50,100119515,중
,50,100119515,교수
,50,100119515,응답자
,50,100119515,대선개입
