keyword_name,keyword_size,name,birth
국회,0.8333333333333334,백군기,1950
사람,0.6666666666666666,백군기,1950
근로자,1.0,백군기,1950
지역,0.6666666666666666,백군기,1950
수당,0.6666666666666666,백군기,1950
급여,0.6666666666666666,백군기,1950
계류,0.8333333333333334,백군기,1950
아동,0.6666666666666666,백군기,1950
지방자치단체,0.8333333333333334,백군기,1950
국회의원,1.0,백군기,1950
과학기술,0.23529411764705882,서병수,1952
과학부,0.35294117647058826,서병수,1952
창조,0.35294117647058826,서병수,1952
부장,1.0,서병수,1952
장관,0.35294117647058826,서병수,1952
해양,0.6470588235294118,서병수,1952
미래,0.35294117647058826,서병수,1952
교육,0.35294117647058826,서병수,1952
농림,0.8235294117647058,서병수,1952
수산,0.5294117647058824,서병수,1952
지방,0.6666666666666666,강기윤,1960
교육,0.8095238095238095,강기윤,1960
부장,0.8571428571428571,강기윤,1960
사람,1.0,강기윤,1960
도지사,0.8571428571428571,강기윤,1960
공무원,0.8095238095238095,강기윤,1960
어린이,0.7142857142857143,강기윤,1960
농림,0.6666666666666666,강기윤,1960
지방자치단체,0.9523809523809523,강기윤,1960
자치,1.0,강기윤,1960
실태조사,0.84375,배재정,1968
정보,0.59375,배재정,1968
사람,0.875,배재정,1968
근로자,0.90625,배재정,1968
기관,0.4375,배재정,1968
교육,0.46875,배재정,1968
학생,0.625,배재정,1968
국회,0.40625,배재정,1968
학교,1.0,배재정,1968
국회의원,0.40625,배재정,1968
중소기업,0.875,부좌현,1956
사람,0.7083333333333334,부좌현,1956
근로자,0.9166666666666666,부좌현,1956
공공기관,0.625,부좌현,1956
사업자,0.7083333333333334,부좌현,1956
공무원,1.0,부좌현,1956
수립,0.6666666666666666,부좌현,1956
학교,0.8333333333333334,부좌현,1956
보전,0.5833333333333334,부좌현,1956
지방자치단체,0.75,부좌현,1956
주택,0.43478260869565216,변재일,1948
중소기업,0.43478260869565216,변재일,1948
실태조사,1.0,변재일,1948
정보,0.391304347826087,변재일,1948
사람,0.4782608695652174,변재일,1948
근로자,0.391304347826087,변재일,1948
지역,0.43478260869565216,변재일,1948
자동차,0.43478260869565216,변재일,1948
공무원,0.5217391304347826,변재일,1948
징계,0.391304347826087,변재일,1948
지방,1.0,백재현,1951
근로자,0.6,백재현,1951
청소년,0.55,백재현,1951
국회,0.65,백재현,1951
사람,0.75,백재현,1951
고용,0.6,백재현,1951
소방,0.55,백재현,1951
공무원,0.55,백재현,1951
정보,0.55,백재현,1951
금액,0.85,백재현,1951
운동,0.38095238095238093,박혜자,1956
실태조사,1.0,박혜자,1956
사람,0.42857142857142855,박혜자,1956
교육활동,0.42857142857142855,박혜자,1956
교육,0.3333333333333333,박혜자,1956
학생,0.6666666666666666,박혜자,1956
피해자,0.3333333333333333,박혜자,1956
학교,1.0,박혜자,1956
의원,0.3333333333333333,박혜자,1956
국회의원,0.5238095238095238,박혜자,1956
창조,0.47058823529411764,박창식,1959
부장,1.0,박창식,1959
사람,0.47058823529411764,박창식,1959
근로자,0.5294117647058824,박창식,1959
해양,0.5294117647058824,박창식,1959
교육,0.5882352941176471,박창식,1959
학교,0.5294117647058824,박창식,1959
농림,0.8235294117647058,박창식,1959
수산,0.47058823529411764,박창식,1959
지역,0.4117647058823529,박창식,1959
계좌,0.625,박지원,1942
청소년,0.625,박지원,1942
국회,1.0,박지원,1942
사람,0.75,박지원,1942
근로자,1.0,박지원,1942
파산자,0.875,박지원,1942
자동차,0.875,박지원,1942
공무원,1.0,박지원,1942
학교,0.875,박지원,1942
국회의원,1.0,박지원,1942
청소년,0.3829787234042553,박홍근,1969
실태조사,1.0,박홍근,1969
정보,0.48936170212765956,박홍근,1969
사람,0.7659574468085106,박홍근,1969
근로자,0.574468085106383,박홍근,1969
교육,0.3404255319148936,박홍근,1969
학생,0.5106382978723404,박홍근,1969
국회,0.3404255319148936,박홍근,1969
학교,0.9787234042553191,박홍근,1969
보전,0.3404255319148936,박홍근,1969
교원,0.5384615384615384,박원석,1970
정보,0.46153846153846156,박원석,1970
사람,0.6153846153846154,박원석,1970
근로자,0.8461538461538461,박원석,1970
사업자,0.6153846153846154,박원석,1970
공무원,0.9230769230769231,박원석,1970
피해자,0.5384615384615384,박원석,1970
학생,0.5384615384615384,박원석,1970
학교,1.0,박원석,1970
금액,0.6153846153846154,박원석,1970
중소기업,0.7857142857142857,박주선,1949
운동,0.5714285714285714,박주선,1949
국회,1.0,박주선,1949
사람,0.8571428571428571,박주선,1949
공공기관,0.5714285714285714,박주선,1949
지역,0.5714285714285714,박주선,1949
사업자,0.5714285714285714,박주선,1949
정보,0.7142857142857143,박주선,1949
학교,0.6428571428571429,박주선,1949
이유,0.7142857142857143,박주선,1949
근로자,1.0,배기운,1950
청소년,0.7333333333333333,배기운,1950
실태조사,0.5777777777777777,배기운,1950
사람,0.9111111111111111,배기운,1950
주택,0.6444444444444445,배기운,1950
금융,0.8666666666666667,배기운,1950
교육,0.6888888888888889,배기운,1950
급여,0.7555555555555555,배기운,1950
학교,0.6,배기운,1950
어린이,0.6666666666666666,배기운,1950
청소년,0.7272727272727273,박완주,1966
중소기업,0.9090909090909091,박완주,1966
국회,1.0,박완주,1966
근로자,0.9090909090909091,박완주,1966
지역,0.9090909090909091,박완주,1966
사업자,0.6363636363636364,박완주,1966
아동,0.6363636363636364,박완주,1966
학교,0.8181818181818182,박완주,1966
금액,0.9090909090909091,박완주,1966
국가,0.7272727272727273,박완주,1966
청소년,0.6764705882352942,박인숙,1948
부장,0.5,박인숙,1948
정보,0.47058823529411764,박인숙,1948
사람,1.0,박인숙,1948
해양,0.5,박인숙,1948
자동차,0.7941176470588235,박인숙,1948
교육,0.8235294117647058,박인숙,1948
아동,0.6176470588235294,박인숙,1948
학교,0.9117647058823529,박인숙,1948
어린이,0.5588235294117647,박인숙,1948
과학부,0.35294117647058826,황우여,1947
창조,0.35294117647058826,황우여,1947
부장,1.0,황우여,1947
장관,0.35294117647058826,황우여,1947
해양,0.4117647058823529,황우여,1947
미래,0.35294117647058826,황우여,1947
교육,0.23529411764705882,황우여,1947
농림,0.8235294117647058,황우여,1947
축산,0.23529411764705882,황우여,1947
수산,0.47058823529411764,황우여,1947
과학부,0.3333333333333333,황진하,1946
창조,0.4444444444444444,황진하,1946
부장,1.0,황진하,1946
해양,0.3888888888888889,황진하,1946
미래,0.3333333333333333,황진하,1946
교육,0.5,황진하,1946
농림,0.7777777777777778,황진하,1946
수산,0.5,황진하,1946
지역,0.3333333333333333,황진하,1946
국가,0.5555555555555556,황진하,1946
국가,0.45,황영철,1965
부장,0.9,황영철,1965
사람,0.5,황영철,1965
지역,0.5,황영철,1965
자동차,0.6,황영철,1965
공무원,1.0,황영철,1965
농림,0.75,황영철,1965
학교,0.45,황영철,1965
해양,0.5,황영철,1965
수수료,0.45,황영철,1965
추천,0.47058823529411764,황주홍,1952
중소기업,0.47058823529411764,황주홍,1952
국회,0.47058823529411764,황주홍,1952
회사,0.47058823529411764,황주홍,1952
근로자,1.0,황주홍,1952
지역,0.5294117647058824,황주홍,1952
사람,0.8235294117647058,황주홍,1952
지방자치단체,0.5882352941176471,황주홍,1952
식품,0.5882352941176471,황주홍,1952
국회의원,0.47058823529411764,황주홍,1952
과학부,0.35294117647058826,홍일표,1956
창조,0.35294117647058826,홍일표,1956
부장,1.0,홍일표,1956
장관,0.35294117647058826,홍일표,1956
해양,0.4117647058823529,홍일표,1956
미래,0.35294117647058826,홍일표,1956
교육,0.35294117647058826,홍일표,1956
농림,0.8235294117647058,홍일표,1956
수산,0.47058823529411764,홍일표,1956
국가,0.35294117647058826,홍일표,1956
국가,0.8888888888888888,홍지만,1968
청소년,0.5555555555555556,홍지만,1968
부장,1.0,홍지만,1968
사람,0.6111111111111112,홍지만,1968
해양,0.6111111111111112,홍지만,1968
교육,0.9444444444444444,홍지만,1968
학교,0.9444444444444444,홍지만,1968
농림,0.7777777777777778,홍지만,1968
수산,0.5555555555555556,홍지만,1968
지방자치단체,0.6666666666666666,홍지만,1968
고객,0.75,홍익표,1967
지방자치단체,0.75,홍익표,1967
청소년,0.625,홍익표,1967
국회,1.0,홍익표,1967
조치,0.875,홍익표,1967
근로자,0.875,홍익표,1967
사업자,0.625,홍익표,1967
금액,0.75,홍익표,1967
사람,0.625,홍익표,1967
국회의원,0.875,홍익표,1967
국가,0.5217391304347826,홍종학,1959
중소기업,0.6086956521739131,홍종학,1959
국회,0.7391304347826086,홍종학,1959
근로자,0.782608695652174,홍종학,1959
금융,1.0,홍종학,1959
어린이,0.6521739130434783,홍종학,1959
정보,0.5652173913043478,홍종학,1959
학교,0.8260869565217391,홍종학,1959
금액,0.6521739130434783,홍종학,1959
국회의원,0.5217391304347826,홍종학,1959
전력,0.7,홍의락,1955
에너지,1.0,홍의락,1955
청소년,0.8,홍의락,1955
협동조합,0.6,홍의락,1955
국회,1.0,홍의락,1955
사람,0.6,홍의락,1955
근로자,0.8,홍의락,1955
시장,0.6,홍의락,1955
회사,0.5,홍의락,1955
국회의원,0.7,홍의락,1955
근로자,1.0,홍영표,1957
국회,0.25,홍영표,1957
사람,0.35714285714285715,홍영표,1957
고용,0.32142857142857145,홍영표,1957
지역,0.21428571428571427,홍영표,1957
사용자,0.32142857142857145,홍영표,1957
급여,0.21428571428571427,홍영표,1957
환경,0.2857142857142857,홍영표,1957
주민,0.21428571428571427,홍영표,1957
국회의원,0.2857142857142857,홍영표,1957
과학부,0.3888888888888889,홍문종,1955
창조,0.4444444444444444,홍문종,1955
부장,1.0,홍문종,1955
사람,0.2777777777777778,홍문종,1955
장관,0.4444444444444444,홍문종,1955
해양,0.6111111111111112,홍문종,1955
미래,0.4444444444444444,홍문종,1955
교육,0.2777777777777778,홍문종,1955
농림,0.7777777777777778,홍문종,1955
수산,0.5,홍문종,1955
창조,0.875,홍문표,1947
감면,0.875,홍문표,1947
사람,1.0,홍문표,1947
근로자,0.875,홍문표,1947
장관,0.75,홍문표,1947
해양,0.875,홍문표,1947
미래,0.875,홍문표,1947
교육,1.0,홍문표,1947
농어촌,0.875,홍문표,1947
어업,0.875,홍문표,1947
교원,1.0,현영희,1951
공인,0.8,현영희,1951
소상,1.0,현영희,1951
생활,0.8,현영희,1951
진흥,0.6,현영희,1951
공사,0.6,현영희,1951
도시,0.6,현영희,1951
학교,1.0,현영희,1951
평가,0.8,현영희,1951
후보자,0.6,현영희,1951
부장,1.0,함진규,1959
사람,0.6666666666666666,함진규,1959
해양,0.6666666666666666,함진규,1959
자동차,1.0,함진규,1959
도시,0.5,함진규,1959
농림,0.8333333333333334,함진규,1959
부동산,0.5,함진규,1959
평가,0.6111111111111112,함진규,1959
수산,0.5555555555555556,함진규,1959
지역,0.4444444444444444,함진규,1959
창조,0.47058823529411764,한선교,1959
청소년,0.47058823529411764,한선교,1959
부장,1.0,한선교,1959
사람,0.4117647058823529,한선교,1959
해양,0.5882352941176471,한선교,1959
자동차,0.4117647058823529,한선교,1959
교육,0.4117647058823529,한선교,1959
농림,0.8235294117647058,한선교,1959
수산,0.47058823529411764,한선교,1959
어린이,0.6470588235294118,한선교,1959
추천,0.23529411764705882,한정애,1965
고용,0.35294117647058826,한정애,1965
협동조합,0.2647058823529412,한정애,1965
적용,0.23529411764705882,한정애,1965
국회,0.4411764705882353,한정애,1965
사람,0.2647058823529412,한정애,1965
근로자,1.0,한정애,1965
사용자,0.2647058823529412,한정애,1965
수립,0.29411764705882354,한정애,1965
국회의원,0.29411764705882354,한정애,1965
과학부,0.3333333333333333,하태경,1968
창조,0.3333333333333333,하태경,1968
부장,1.0,하태경,1968
장관,0.3333333333333333,하태경,1968
해양,0.6111111111111112,하태경,1968
미래,0.3333333333333333,하태경,1968
농림,0.7777777777777778,하태경,1968
국민,0.3333333333333333,하태경,1968
수산,0.5,하태경,1968
정부,0.2777777777777778,하태경,1968
근로자,1.0,한명숙,1944
사람,0.3,한명숙,1944
고용,0.26666666666666666,한명숙,1944
지역,0.23333333333333334,한명숙,1944
사업자,0.23333333333333334,한명숙,1944
급여,0.4666666666666667,한명숙,1944
수립,0.3,한명숙,1944
치산,0.4,한명숙,1944
고객,0.26666666666666666,한명숙,1944
국회의원,0.26666666666666666,한명숙,1944
창조,0.35294117647058826,한기호,1952
감면,0.4117647058823529,한기호,1952
부장,1.0,한기호,1952
사람,0.5294117647058824,한기호,1952
장관,0.4117647058823529,한기호,1952
해양,0.6470588235294118,한기호,1952
교육,0.8823529411764706,한기호,1952
농림,0.8823529411764706,한기호,1952
수산,0.47058823529411764,한기호,1952
지역,0.35294117647058826,한기호,1952
공개,1.0,최재천,1963
근로자,0.8571428571428571,최재천,1963
사람,0.8571428571428571,최재천,1963
주택,0.7142857142857143,최재천,1963
금융,1.0,최재천,1963
사업자,0.7142857142857143,최재천,1963
고용,0.5714285714285714,최재천,1963
회사,0.7142857142857143,최재천,1963
회의,0.8571428571428571,최재천,1963
국회의원,1.0,최재천,1963
국회,0.75,추미애,1958
사람,0.5,추미애,1958
근로자,1.0,추미애,1958
금융,0.8125,추미애,1958
실시,0.5,추미애,1958
정보,0.75,추미애,1958
학교,0.5,추미애,1958
식품,0.625,추미애,1958
안전,0.5,추미애,1958
국회의원,0.5,추미애,1958
지방,0.5333333333333333,최재성,1965
중소기업,1.0,최재성,1965
청소년,0.7333333333333333,최재성,1965
정보,0.6,최재성,1965
근로자,0.6,최재성,1965
억원,0.8666666666666667,최재성,1965
부가가치세,0.5333333333333333,최재성,1965
국회,0.7333333333333333,최재성,1965
금액,0.8,최재성,1965
국회의원,0.5333333333333333,최재성,1965
징역,0.45454545454545453,최봉홍,1942
부장,0.9090909090909091,최봉홍,1942
사람,0.45454545454545453,최봉홍,1942
근로자,0.7727272727272727,최봉홍,1942
해양,0.5454545454545454,최봉홍,1942
자동차,0.4090909090909091,최봉홍,1942
교육,0.45454545454545453,최봉홍,1942
농림,0.6363636363636364,최봉홍,1942
학교,0.4090909090909091,최봉홍,1942
벌칙,1.0,최봉홍,1942
과학부,0.35294117647058826,최경환,1955
창조,0.35294117647058826,최경환,1955
부장,1.0,최경환,1955
장관,0.35294117647058826,최경환,1955
해양,0.4117647058823529,최경환,1955
미래,0.35294117647058826,최경환,1955
교육,0.23529411764705882,최경환,1955
농림,0.8235294117647058,최경환,1955
축산,0.23529411764705882,최경환,1955
수산,0.47058823529411764,최경환,1955
교육,0.5416666666666666,최동익,1962
국회,0.6666666666666666,최동익,1962
사람,0.75,최동익,1962
근로자,0.625,최동익,1962
장애,0.8333333333333334,최동익,1962
어린이,0.6666666666666666,최동익,1962
의약품,0.625,최동익,1962
급여,0.9166666666666666,최동익,1962
장애인,1.0,최동익,1962
식품,0.5,최동익,1962
중소기업,0.64,최민희,1960
청소년,0.8,최민희,1960
국회,1.0,최민희,1960
사람,0.96,최민희,1960
근로자,0.84,최민희,1960
장애,0.56,최민희,1960
교육,0.72,최민희,1960
손실,0.64,최민희,1960
아동,0.84,최민희,1960
정보,0.92,최민희,1960
과학부,0.35294117647058826,진영,1950
창조,0.35294117647058826,진영,1950
부장,1.0,진영,1950
근로자,0.23529411764705882,진영,1950
장관,0.35294117647058826,진영,1950
해양,0.47058823529411764,진영,1950
미래,0.35294117647058826,진영,1950
교육,0.23529411764705882,진영,1950
농림,0.8235294117647058,진영,1950
수산,0.47058823529411764,진영,1950
중소기업,0.7058823529411765,최규성,1950
제주,0.7058823529411765,최규성,1950
근로자,0.9411764705882353,최규성,1950
자동차,0.7058823529411765,최규성,1950
공무원,0.8823529411764706,최규성,1950
취소,0.7058823529411765,최규성,1950
농림,0.7058823529411765,최규성,1950
치산,0.8823529411764706,최규성,1950
지방자치단체,0.8235294117647058,최규성,1950
벌칙,1.0,최규성,1950
근로자,0.55,진성준,1967
청소년,0.45,진성준,1967
국회,0.55,진성준,1967
사람,1.0,진성준,1967
고용,0.45,진성준,1967
급여,0.55,진성준,1967
정보,0.55,진성준,1967
학교,0.75,진성준,1967
지방자치단체,0.5,진성준,1967
조치,0.5,진성준,1967
창조,0.35294117647058826,주호영,1960
부장,1.0,주호영,1960
사람,0.35294117647058826,주호영,1960
해양,0.5294117647058824,주호영,1960
미래,0.35294117647058826,주호영,1960
교육,0.6470588235294118,주호영,1960
학교,0.5882352941176471,주호영,1960
농림,0.8235294117647058,주호영,1960
수산,0.5294117647058824,주호영,1960
대학,0.4117647058823529,주호영,1960
아동,0.625,진선미,1967
청소년,0.75,진선미,1967
사람,0.8125,진선미,1967
근로자,1.0,진선미,1967
사업자,0.5,진선미,1967
공무원,0.625,진선미,1967
계약,0.5625,진선미,1967
서명,0.5625,진선미,1967
피해자,0.5625,진선미,1967
지방자치단체,0.5625,진선미,1967
부장,1.0,주영순,1946
근로자,0.7058823529411765,주영순,1946
해양,0.5294117647058824,주영순,1946
자동차,0.5882352941176471,주영순,1946
교육,0.5882352941176471,주영순,1946
위반,0.47058823529411764,주영순,1946
농림,0.8235294117647058,주영순,1946
기금,0.5294117647058824,주영순,1946
어린이,0.6470588235294118,주영순,1946
벌칙,0.8823529411764706,주영순,1946
주택,0.4444444444444444,조현룡,1945
국가,0.6666666666666666,조현룡,1945
부장,1.0,조현룡,1945
자치,0.8333333333333334,조현룡,1945
도지사,0.5555555555555556,조현룡,1945
해양,0.5,조현룡,1945
자동차,0.5,조현룡,1945
교육,0.4444444444444444,조현룡,1945
농림,0.7777777777777778,조현룡,1945
수산,0.5,조현룡,1945
과학부,0.35294117647058826,조해진,1963
창조,0.35294117647058826,조해진,1963
부장,1.0,조해진,1963
장관,0.35294117647058826,조해진,1963
해양,0.4117647058823529,조해진,1963
미래,0.35294117647058826,조해진,1963
농림,0.8235294117647058,조해진,1963
축산,0.29411764705882354,조해진,1963
천만원,0.4117647058823529,조해진,1963
수산,0.47058823529411764,조해진,1963
국회,0.5416666666666666,주승용,1952
사람,0.5833333333333334,주승용,1952
근로자,0.5,주승용,1952
지역,0.4583333333333333,주승용,1952
자동차,0.7083333333333334,주승용,1952
위반,0.5416666666666666,주승용,1952
정보,0.4166666666666667,주승용,1952
치산,0.625,주승용,1952
지방자치단체,0.5416666666666666,주승용,1952
벌칙,1.0,주승용,1952
개인정보,0.35294117647058826,조원진,1959
창조,0.4117647058823529,조원진,1959
부장,1.0,조원진,1959
장관,0.35294117647058826,조원진,1959
해양,0.5882352941176471,조원진,1959
미래,0.35294117647058826,조원진,1959
교육,0.35294117647058826,조원진,1959
학교,0.4117647058823529,조원진,1959
농림,0.8235294117647058,조원진,1959
수산,0.47058823529411764,조원진,1959
감면,0.5789473684210527,조정식,1963
중소기업,0.7368421052631579,조정식,1963
정보,1.0,조정식,1963
근로자,0.8421052631578947,조정식,1963
사업자,0.631578947368421,조정식,1963
기관,0.5789473684210527,조정식,1963
국회,0.7368421052631579,조정식,1963
지방자치단체,0.7894736842105263,조정식,1963
자료,0.631578947368421,조정식,1963
국회의원,0.5789473684210527,조정식,1963
청소년,0.4,조명철,1959
부장,0.6,조명철,1959
자치,1.0,조명철,1959
도지사,0.5333333333333333,조명철,1959
교육,0.43333333333333335,조명철,1959
북한이탈주민,0.3333333333333333,조명철,1959
농림,0.4666666666666667,조명철,1959
수산,0.3,조명철,1959
어린이,0.5666666666666667,조명철,1959
사람,0.43333333333333335,조명철,1959
중소기업,1.0,조경태,1968
감면,0.5454545454545454,조경태,1968
국회,0.6363636363636364,조경태,1968
사람,0.7272727272727273,조경태,1968
근로자,0.7272727272727273,조경태,1968
기간,0.5454545454545454,조경태,1968
사업자,0.5454545454545454,조경태,1968
공무원,0.5454545454545454,조경태,1968
취소,0.5454545454545454,조경태,1968
국회의원,0.5454545454545454,조경태,1968
계좌,1.0,정호준,1971
근로자,1.0,정호준,1971
국회,0.75,정호준,1971
사람,0.75,정호준,1971
고용,0.5833333333333334,정호준,1971
금융,1.0,정호준,1971
사업자,0.5833333333333334,정호준,1971
급여,0.6666666666666666,정호준,1971
정보,0.5833333333333334,정호준,1971
국회의원,0.5833333333333334,정호준,1971
등록금,0.3225806451612903,정진후,1957
교원,0.3870967741935484,정진후,1957
정보,0.2903225806451613,정진후,1957
사람,0.5161290322580645,정진후,1957
근로자,0.6451612903225806,정진후,1957
공무원,0.3870967741935484,정진후,1957
교육,0.2903225806451613,정진후,1957
학생,0.4838709677419355,정진후,1957
학교,1.0,정진후,1957
교부금,0.25806451612903225,정진후,1957
부장,0.55,정희수,1953
자치,1.0,정희수,1953
도지사,0.725,정희수,1953
지역,0.375,정희수,1953
자동차,0.425,정희수,1953
교육,0.55,정희수,1953
과태료,0.375,정희수,1953
학교,0.425,정희수,1953
어린이,0.5,정희수,1953
사람,0.725,정희수,1953
근로자,0.6875,정청래,1965
청소년,1.0,정청래,1965
정보,0.6875,정청래,1965
사람,0.8125,정청래,1965
고용,0.5625,정청래,1965
신청,0.5625,정청래,1965
노인,0.5625,정청래,1965
아동,0.5625,정청래,1965
국회,0.625,정청래,1965
기금,0.75,정청래,1965
수수료,0.47058823529411764,정의화,1948
국가,0.4117647058823529,정의화,1948
부장,1.0,정의화,1948
해양,0.6470588235294118,정의화,1948
도시,0.4117647058823529,정의화,1948
교육,0.5294117647058824,정의화,1948
농림,0.8235294117647058,정의화,1948
수산,0.47058823529411764,정의화,1948
금융,0.4117647058823529,정의화,1948
창조,0.4117647058823529,정의화,1948
창조,0.5,정우택,1953
청소년,0.5,정우택,1953
부장,1.0,정우택,1953
주택,0.3888888888888889,정우택,1953
해양,0.5,정우택,1953
자동차,0.5555555555555556,정우택,1953
교육,0.3888888888888889,정우택,1953
농림,0.7777777777777778,정우택,1953
수산,0.4444444444444444,정우택,1953
어린이,0.4444444444444444,정우택,1953
과학부,0.3333333333333333,정수성,1946
창조,0.4444444444444444,정수성,1946
부장,1.0,정수성,1946
장관,0.3333333333333333,정수성,1946
해양,0.3888888888888889,정수성,1946
미래,0.3333333333333333,정수성,1946
수당,0.3888888888888889,정수성,1946
농림,0.7777777777777778,정수성,1946
수산,0.4444444444444444,정수성,1946
국가,0.3333333333333333,정수성,1946
조합,0.6666666666666666,정세균,1950
정보,0.7777777777777778,정세균,1950
회사,0.5555555555555556,정세균,1950
근로자,0.6666666666666666,정세균,1950
일본,0.6666666666666666,정세균,1950
금융,1.0,정세균,1950
국회,0.6666666666666666,정세균,1950
학교,1.0,정세균,1950
지방자치단체,0.7777777777777778,정세균,1950
수수료,0.6666666666666666,정세균,1950
국회,1.0,정성호,1962
사람,1.0,정성호,1962
근로자,0.6818181818181818,정성호,1962
공공기관,0.6818181818181818,정성호,1962
사업자,0.7272727272727273,정성호,1962
손실,0.6818181818181818,정성호,1962
아동,0.6363636363636364,정성호,1962
학교,0.8636363636363636,정성호,1962
지방자치단체,0.6363636363636364,정성호,1962
시행,0.7272727272727273,정성호,1962
감면,0.5789473684210527,정문헌,1966
청소년,0.5789473684210527,정문헌,1966
부장,1.0,정문헌,1966
정보,0.5789473684210527,정문헌,1966
사람,0.5263157894736842,정문헌,1966
교육,0.5263157894736842,정문헌,1966
농림,0.7894736842105263,정문헌,1966
학교,0.5263157894736842,정문헌,1966
어린이,0.631578947368421,정문헌,1966
수수료,0.5263157894736842,정문헌,1966
과학부,0.35294117647058826,정몽준,1951
창조,0.4117647058823529,정몽준,1951
부장,1.0,정몽준,1951
장관,0.35294117647058826,정몽준,1951
해양,0.4117647058823529,정몽준,1951
미래,0.35294117647058826,정몽준,1951
교육,0.23529411764705882,정몽준,1951
농림,0.8235294117647058,정몽준,1951
축산,0.23529411764705882,정몽준,1951
수산,0.47058823529411764,정몽준,1951
교원,0.8333333333333334,정두언,1957
건축물,0.5,정두언,1957
국가,0.3333333333333333,정두언,1957
사람,0.5,정두언,1957
교육,1.0,정두언,1957
학교,0.6666666666666666,정두언,1957
평가,0.5,정두언,1957
금지,0.6666666666666666,정두언,1957
지방자치단체,0.5,정두언,1957
지출,0.5,정두언,1957
근로자,0.6666666666666666,전해철,1962
국회,1.0,전해철,1962
사람,0.6666666666666666,전해철,1962
고용,0.6666666666666666,전해철,1962
파산자,0.9166666666666666,전해철,1962
공무원,0.75,전해철,1962
장애인,0.5833333333333334,전해철,1962
정보,0.5833333333333334,전해철,1962
금액,0.75,전해철,1962
국회의원,0.9166666666666666,전해철,1962
창조,0.35294117647058826,전하진,1958
중소기업,0.47058823529411764,전하진,1958
부장,1.0,전하진,1958
근로자,0.35294117647058826,전하진,1958
해양,0.5882352941176471,전하진,1958
교육,0.5294117647058824,전하진,1958
농림,0.8235294117647058,전하진,1958
수산,0.47058823529411764,전하진,1958
금융,0.5294117647058824,전하진,1958
정부,0.35294117647058826,전하진,1958
특례,0.5,정갑윤,1950
창조,0.4444444444444444,정갑윤,1950
부장,1.0,정갑윤,1950
정보,0.5,정갑윤,1950
사람,0.6666666666666666,정갑윤,1950
지역,0.5,정갑윤,1950
시장,0.6666666666666666,정갑윤,1950
자치구,0.5,정갑윤,1950
농림,0.7777777777777778,정갑윤,1950
해양,0.5555555555555556,정갑윤,1950
고용,0.65,전정희,1960
청소년,1.0,전정희,1960
중소기업,1.0,전정희,1960
사람,0.9,전정희,1960
주택,0.65,전정희,1960
지역,0.65,전정희,1960
근로자,0.9,전정희,1960
어린이,1.0,전정희,1960
손실,0.85,전정희,1960
보전,0.65,전정희,1960
공개,0.6875,전병헌,1958
청소년,0.5625,전병헌,1958
국회,1.0,전병헌,1958
사람,0.75,전병헌,1958
주택,0.625,전병헌,1958
사업자,0.625,전병헌,1958
교육,0.6875,전병헌,1958
아동,0.5625,전병헌,1958
회의,0.625,전병헌,1958
국회의원,0.625,전병헌,1958
정당,0.4444444444444444,장윤석,1950
창조,0.4444444444444444,장윤석,1950
부장,1.0,장윤석,1950
장관,0.3333333333333333,장윤석,1950
해양,0.4444444444444444,장윤석,1950
미래,0.3333333333333333,장윤석,1950
농림,0.8333333333333334,장윤석,1950
과학부,0.3333333333333333,장윤석,1950
수산,0.4444444444444444,장윤석,1950
지방자치단체,0.3888888888888889,장윤석,1950
청소년,0.4883720930232558,전순옥,1953
중소기업,0.46511627906976744,전순옥,1953
협동조합,0.4186046511627907,전순옥,1953
정보,0.4186046511627907,전순옥,1953
사람,0.5348837209302325,전순옥,1953
근로자,1.0,전순옥,1953
교육,0.3953488372093023,전순옥,1953
피해자,0.4186046511627907,전순옥,1953
국회,0.3953488372093023,전순옥,1953
학교,0.4186046511627907,전순옥,1953
근로자,1.0,장하나,1977
국회,0.3673469387755102,장하나,1977
사람,0.40816326530612246,장하나,1977
고용,0.3673469387755102,장하나,1977
노인,0.32653061224489793,장하나,1977
공무원,0.32653061224489793,장하나,1977
급여,0.3469387755102041,장하나,1977
정보,0.40816326530612246,장하나,1977
학교,0.42857142857142855,장하나,1977
지방자치단체,0.3469387755102041,장하나,1977
지방,0.4166666666666667,장병완,1952
실태조사,1.0,장병완,1952
국회,0.375,장병완,1952
사람,0.5416666666666666,장병완,1952
근로자,0.375,장병완,1952
노인,0.2916666666666667,장병완,1952
위반,0.3333333333333333,장병완,1952
아동,0.2916666666666667,장병완,1952
임원,0.2916666666666667,장병완,1952
국회의원,0.375,장병완,1952
중소기업,0.38095238095238093,임수경,1968
청소년,0.38095238095238093,임수경,1968
국회,0.47619047619047616,임수경,1968
사람,1.0,임수경,1968
근로자,0.8095238095238095,임수경,1968
공무원,0.42857142857142855,임수경,1968
정보,0.6666666666666666,임수경,1968
학교,0.42857142857142855,임수경,1968
지방자치단체,0.38095238095238093,임수경,1968
국회의원,0.5238095238095238,임수경,1968
자동차,1.0,임내현,1952
운동,1.0,임내현,1952
국회,1.0,임내현,1952
사람,0.8888888888888888,임내현,1952
민주화,0.7777777777777778,임내현,1952
사업자,0.6666666666666666,임내현,1952
수당,0.6666666666666666,임내현,1952
위반,0.8888888888888888,임내현,1952
국회의원,0.7777777777777778,임내현,1952
벌칙,0.7777777777777778,임내현,1952
국가,0.4444444444444444,이헌승,1963
부장,1.0,이헌승,1963
국토,0.4444444444444444,이헌승,1963
도시,0.5555555555555556,이헌승,1963
해양,0.9444444444444444,이헌승,1963
미래,0.4444444444444444,이헌승,1963
교육,0.5,이헌승,1963
농림,0.7777777777777778,이헌승,1963
수산,0.5555555555555556,이헌승,1963
창조,0.4444444444444444,이헌승,1963
중소기업,0.8235294117647058,이현재,1949
부장,1.0,이현재,1949
사람,0.6470588235294118,이현재,1949
해양,0.47058823529411764,이현재,1949
교육,0.6470588235294118,이현재,1949
수당,0.47058823529411764,이현재,1949
기업,0.5294117647058824,이현재,1949
농림,0.8235294117647058,이현재,1949
수산,0.5294117647058824,이현재,1949
버스,0.5294117647058824,이현재,1949
중소기업,0.47619047619047616,인재근,1953
청소년,0.6666666666666666,인재근,1953
국회,0.47619047619047616,인재근,1953
사람,0.8571428571428571,인재근,1953
근로자,1.0,인재근,1953
교육,0.47619047619047616,인재근,1953
손실,0.6666666666666666,인재근,1953
학교,0.7142857142857143,인재근,1953
보전,0.6190476190476191,인재근,1953
어린이,0.47619047619047616,인재근,1953
근로자,0.9166666666666666,이해찬,1952
국회,0.75,이해찬,1952
조치,1.0,이해찬,1952
고용,0.4166666666666667,이해찬,1952
이용자,0.4166666666666667,이해찬,1952
권익,0.6666666666666666,이해찬,1952
사용자,0.5,이해찬,1952
급여,0.6666666666666666,이해찬,1952
대한,0.5833333333333334,이해찬,1952
국회의원,0.5,이해찬,1952
과학부,0.35294117647058826,이한구,1945
창조,0.35294117647058826,이한구,1945
부장,1.0,이한구,1945
근로자,0.23529411764705882,이한구,1945
장관,0.35294117647058826,이한구,1945
해양,0.4117647058823529,이한구,1945
미래,0.35294117647058826,이한구,1945
교육,0.29411764705882354,이한구,1945
농림,0.8235294117647058,이한구,1945
수산,0.47058823529411764,이한구,1945
창조,0.35294117647058826,이학재,1964
부장,1.0,이학재,1964
해양,0.4117647058823529,이학재,1964
징역,0.5294117647058824,이학재,1964
교육,0.6470588235294118,이학재,1964
학교,0.5882352941176471,이학재,1964
농림,0.8823529411764706,이학재,1964
수산,0.47058823529411764,이학재,1964
정부,0.35294117647058826,이학재,1964
벌칙,0.35294117647058826,이학재,1964
근로자,1.0,이학영,1952
협동조합,0.5714285714285714,이학영,1952
사람,0.7142857142857143,이학영,1952
고용,0.47619047619047616,이학영,1952
금융,0.6666666666666666,이학영,1952
사업자,0.47619047619047616,이학영,1952
급여,0.6190476190476191,이학영,1952
요양,0.42857142857142855,이학영,1952
회사,0.47619047619047616,이학영,1952
국회의원,0.5238095238095238,이학영,1952
근로자,0.9375,이춘석,1963
국가,0.5625,이춘석,1963
국회,1.0,이춘석,1963
사람,1.0,이춘석,1963
지방,0.5625,이춘석,1963
신청,0.6875,이춘석,1963
급여,0.5625,이춘석,1963
정보,0.625,이춘석,1963
기금,0.6875,이춘석,1963
지방자치단체,0.6875,이춘석,1963
지방자치단체,0.7222222222222222,이한성,1957
청소년,0.5555555555555556,이한성,1957
교육,0.7222222222222222,이한성,1957
부장,0.5,이한성,1957
정보,0.5833333333333334,이한성,1957
사람,1.0,이한성,1957
자동차,0.8333333333333334,이한성,1957
계약,0.5,이한성,1957
학교,0.6388888888888888,이한성,1957
어린이,0.75,이한성,1957
국가,0.6470588235294118,이채익,1955
중소기업,0.7058823529411765,이채익,1955
소상,0.47058823529411764,이채익,1955
부장,1.0,이채익,1955
해양,0.7058823529411765,이채익,1955
도시,0.5882352941176471,이채익,1955
농림,0.8235294117647058,이채익,1955
기금,0.5294117647058824,이채익,1955
수산,0.5294117647058824,이채익,1955
창조,0.47058823529411764,이채익,1955
창조,0.4117647058823529,이진복,1957
교육,0.47058823529411764,이진복,1957
부장,1.0,이진복,1957
해양,0.5882352941176471,이진복,1957
도시,0.4117647058823529,이진복,1957
시장,0.5882352941176471,이진복,1957
기업,0.5294117647058824,이진복,1957
농림,0.8235294117647058,이진복,1957
수산,0.47058823529411764,이진복,1957
지역,0.4117647058823529,이진복,1957
창조,0.35294117647058826,이주영,1951
부장,1.0,이주영,1951
장관,0.35294117647058826,이주영,1951
소방,0.5882352941176471,이주영,1951
미래,0.35294117647058826,이주영,1951
교육,0.5294117647058824,이주영,1951
농림,0.8235294117647058,이주영,1951
수산,0.47058823529411764,이주영,1951
해양,0.4117647058823529,이주영,1951
정부,0.35294117647058826,이주영,1951
개인정보,0.6666666666666666,이찬열,1959
청소년,0.6190476190476191,이찬열,1959
실태조사,1.0,이찬열,1959
정보,0.8095238095238095,이찬열,1959
사람,1.0,이찬열,1959
근로자,0.5714285714285714,이찬열,1959
공무원,0.9523809523809523,이찬열,1959
서명,0.5714285714285714,이찬열,1959
지방자치단체,0.6190476190476191,이찬열,1959
조치,0.6666666666666666,이찬열,1959
창조,0.47058823529411764,이종훈,1960
부장,1.0,이종훈,1960
근로자,0.7058823529411765,이종훈,1960
장관,0.4117647058823529,이종훈,1960
해양,0.5294117647058824,이종훈,1960
미래,0.35294117647058826,이종훈,1960
교육,0.4117647058823529,이종훈,1960
농림,0.8235294117647058,이종훈,1960
수산,0.47058823529411764,이종훈,1960
벌칙,0.4117647058823529,이종훈,1960
산업단지,0.5294117647058824,이종진,1950
국가,0.5882352941176471,이종진,1950
부장,1.0,이종진,1950
사람,0.8823529411764706,이종진,1950
지역,0.5882352941176471,이종진,1950
자동차,0.9411764705882353,이종진,1950
농림,0.8235294117647058,이종진,1950
수산,0.5294117647058824,이종진,1950
지방자치단체,0.5882352941176471,이종진,1950
해양,0.5882352941176471,이종진,1950
개인정보,0.25,이재오,1945
국가,0.25,이재오,1945
보험,0.25,이재오,1945
고용,0.25,이재오,1945
일본,0.375,이재오,1945
소방,0.5,이재오,1945
공무원,1.0,이재오,1945
영향평가,0.25,이재오,1945
지방자치단체,0.5,이재오,1945
정부,0.5,이재오,1945
과학기술,0.23529411764705882,이재균,1954
과학부,0.35294117647058826,이재균,1954
창조,0.35294117647058826,이재균,1954
부장,1.0,이재균,1954
장관,0.35294117647058826,이재균,1954
해양,0.5882352941176471,이재균,1954
미래,0.35294117647058826,이재균,1954
교육,0.23529411764705882,이재균,1954
농림,0.8235294117647058,이재균,1954
수산,0.47058823529411764,이재균,1954
중소기업,0.44,이종걸,1957
국회,0.48,이종걸,1957
사람,0.44,이종걸,1957
근로자,0.44,이종걸,1957
금융,1.0,이종걸,1957
사업자,0.36,이종걸,1957
계약,0.36,이종걸,1957
임차인,0.32,이종걸,1957
정보,0.64,이종걸,1957
회사,0.36,이종걸,1957
창조,0.3157894736842105,이장우,1965
부장,1.0,이장우,1965
장관,0.3157894736842105,이장우,1965
해양,0.5789473684210527,이장우,1965
자동차,0.3684210526315789,이장우,1965
도시,0.3157894736842105,이장우,1965
미래,0.3157894736842105,이장우,1965
농림,0.7894736842105263,이장우,1965
수산,0.47368421052631576,이장우,1965
지역,0.3157894736842105,이장우,1965
청소년,0.8823529411764706,이자스민,1977
교육,0.7647058823529411,이자스민,1977
부장,1.0,이자스민,1977
사람,0.5294117647058824,이자스민,1977
어린이,0.5882352941176471,이자스민,1977
피해자,0.5294117647058824,이자스민,1977
아동,0.6470588235294118,이자스민,1977
농림,0.8235294117647058,이자스민,1977
수산,0.47058823529411764,이자스민,1977
천만원,0.47058823529411764,이자스민,1977
과학부,0.3333333333333333,이인제,1948
창조,0.3333333333333333,이인제,1948
부장,1.0,이인제,1948
장관,0.3333333333333333,이인제,1948
해양,0.4444444444444444,이인제,1948
미래,0.3333333333333333,이인제,1948
교육,0.3333333333333333,이인제,1948
농림,0.8333333333333334,이인제,1948
수산,0.5,이인제,1948
벌칙,0.3888888888888889,이인제,1948
창조,0.35294117647058826,이이재,1959
청소년,0.4117647058823529,이이재,1959
부장,1.0,이이재,1959
정보,0.35294117647058826,이이재,1959
지역,0.5294117647058824,이이재,1959
교육,0.6470588235294118,이이재,1959
농림,0.8823529411764706,이이재,1959
수산,0.47058823529411764,이이재,1959
해양,0.5882352941176471,이이재,1959
기금,0.35294117647058826,이이재,1959
국회,0.32,이인영,1964
사람,0.32,이인영,1964
근로자,1.0,이인영,1964
교육,0.4,이인영,1964
사용자,0.32,이인영,1964
수립,0.32,이인영,1964
학교,0.44,이인영,1964
금액,0.48,이인영,1964
기본계획,0.44,이인영,1964
국회의원,0.4,이인영,1964
국회,0.7647058823529411,이윤석,1960
사람,0.5294117647058824,이윤석,1960
주택,0.8235294117647058,이윤석,1960
지역,0.7058823529411765,이윤석,1960
자동차,1.0,이윤석,1960
임대주택,0.6470588235294118,이윤석,1960
노인,0.5882352941176471,이윤석,1960
수립,0.6470588235294118,이윤석,1960
징계,0.5882352941176471,이윤석,1960
벌칙,0.5294117647058824,이윤석,1960
청소년,0.5,이우현,1957
부장,1.0,이우현,1957
특례,0.6111111111111112,이우현,1957
소방,0.6666666666666666,이우현,1957
교육,0.6111111111111112,이우현,1957
농림,0.8333333333333334,이우현,1957
납부,0.5,이우현,1957
수산,0.5,이우현,1957
지방자치단체,0.6111111111111112,이우현,1957
해양,0.5555555555555556,이우현,1957
지방자치단체,0.7333333333333333,이원욱,1963
정당,0.7333333333333333,이원욱,1963
중소기업,0.9333333333333333,이원욱,1963
청소년,0.8,이원욱,1963
정보,1.0,이원욱,1963
사람,0.6,이원욱,1963
근로자,0.8,이원욱,1963
국회,0.6666666666666666,이원욱,1963
학교,0.6666666666666666,이원욱,1963
금액,0.7333333333333333,이원욱,1963
작성,0.07692307692307693,이완구,1950
공제,0.11538461538461539,이완구,1950
규정,0.07692307692307693,이완구,1950
창조,0.11538461538461539,이완구,1950
보험,0.07692307692307693,이완구,1950
자치,1.0,이완구,1950
도지사,0.6153846153846154,이완구,1950
금융,0.15384615384615385,이완구,1950
시장,0.19230769230769232,이완구,1950
방위,0.07692307692307693,이완구,1950
자동차,0.5,이용섭,1951
고용,0.5,이용섭,1951
운동,0.75,이용섭,1951
지방,0.4166666666666667,이용섭,1951
민주화,0.5833333333333334,이용섭,1951
사업자,0.3333333333333333,이용섭,1951
근로자,0.4166666666666667,이용섭,1951
학교,1.0,이용섭,1951
금액,0.4166666666666667,이용섭,1951
국회의원,0.4166666666666667,이용섭,1951
부장,1.0,이완영,1957
근로자,0.7222222222222222,이완영,1957
해양,0.6111111111111112,이완영,1957
교육,0.8333333333333334,이완영,1957
과태료,0.6111111111111112,이완영,1957
농림,0.7777777777777778,이완영,1957
수산,0.5,이완영,1957
어린이,0.6111111111111112,이완영,1957
정부,0.5555555555555556,이완영,1957
벌칙,0.8333333333333334,이완영,1957
추천,0.6,이석기,1962
소득,0.6,이석기,1962
정당,0.6,이석기,1962
근로자,0.6,이석기,1962
분할,0.8,이석기,1962
공무원,1.0,이석기,1962
교육,0.6,이석기,1962
파산,0.8,이석기,1962
연금,0.8,이석기,1962
금액,0.6,이석기,1962
지방,0.9,이언주,1972
협동조합,0.7,이언주,1972
공공,0.8,이언주,1972
국회,1.0,이언주,1972
근로자,0.8,이언주,1972
사업자,0.7,이언주,1972
어린이,0.8,이언주,1972
의원,0.8,이언주,1972
고용,0.6,이언주,1972
국회의원,1.0,이언주,1972
건축물,0.36666666666666664,이에리사,1954
청소년,0.5,이에리사,1954
부장,0.6,이에리사,1954
정보,0.5,이에리사,1954
사람,0.5666666666666667,이에리사,1954
농림,0.4666666666666667,이에리사,1954
교육,1.0,이에리사,1954
아동,0.6333333333333333,이에리사,1954
학교,0.4666666666666667,이에리사,1954
기금,0.4,이에리사,1954
보험료,0.5,이석현,1951
사람,0.6,이석현,1951
근로자,1.0,이석현,1951
자동차,0.8,이석현,1951
노인,0.5,이석현,1951
기간,0.5,이석현,1951
수립,0.9,이석현,1951
학교,0.7,이석현,1951
기본계획,0.6,이석현,1951
국회의원,0.6,이석현,1951
창조,0.47058823529411764,이상일,1961
부장,1.0,이상일,1961
정보,0.5294117647058824,이상일,1961
자치,0.7647058823529411,이상일,1961
도지사,0.6470588235294118,이상일,1961
해양,0.47058823529411764,이상일,1961
징역,0.47058823529411764,이상일,1961
농림,0.8235294117647058,이상일,1961
수산,0.47058823529411764,이상일,1961
천만원,0.5882352941176471,이상일,1961
추천,0.4,이상규,1965
정당,0.4,이상규,1965
의료,0.4,이상규,1965
근로자,1.0,이상규,1965
시험,0.4,이상규,1965
공무원,0.8,이상규,1965
가사,0.4,이상규,1965
파산,0.4,이상규,1965
교부금,0.4,이상규,1965
급여,0.4,이상규,1965
근로자,1.0,이상민,1958
정보,0.6666666666666666,이상민,1958
사람,0.6,이상민,1958
고용,0.6666666666666666,이상민,1958
파산자,0.4666666666666667,이상민,1958
자동차,0.5333333333333333,이상민,1958
계약,0.5333333333333333,이상민,1958
국회,0.5333333333333333,이상민,1958
지방자치단체,0.5333333333333333,이상민,1958
어린이,0.4666666666666667,이상민,1958
지방자치단체,0.5454545454545454,이상직,1963
청소년,0.45454545454545453,이상직,1963
중소기업,0.6363636363636364,이상직,1963
정보,0.45454545454545453,이상직,1963
사람,0.6363636363636364,이상직,1963
근로자,0.6818181818181818,이상직,1963
공공기관,0.6363636363636364,이상직,1963
지역,0.45454545454545453,이상직,1963
사업자,0.6363636363636364,이상직,1963
금융,1.0,이상직,1963
과학기술,0.23529411764705882,이병석,1952
과학부,0.35294117647058826,이병석,1952
창조,0.47058823529411764,이병석,1952
부장,1.0,이병석,1952
장관,0.35294117647058826,이병석,1952
해양,0.4117647058823529,이병석,1952
미래,0.35294117647058826,이병석,1952
교육,0.23529411764705882,이병석,1952
농림,0.8235294117647058,이병석,1952
수산,0.47058823529411764,이병석,1952
실태조사,1.0,이목희,1953
국회,0.55,이목희,1953
조치,1.0,이목희,1953
근로자,0.8,이목희,1953
의료기관,0.4,이목희,1953
장애인,0.55,이목희,1953
학교,0.55,이목희,1953
금액,0.5,이목희,1953
사람,0.45,이목희,1953
국회의원,0.45,이목희,1953
천만원,0.34146341463414637,이명수,1955
부장,0.4878048780487805,이명수,1955
정보,0.36585365853658536,이명수,1955
자치,1.0,이명수,1955
도지사,0.7073170731707317,이명수,1955
자동차,0.5121951219512195,이명수,1955
교육,0.4634146341463415,이명수,1955
농림,0.4146341463414634,이명수,1955
어린이,0.4878048780487805,이명수,1955
사람,0.43902439024390244,이명수,1955
과학부,0.35294117647058826,이군현,1952
창조,0.47058823529411764,이군현,1952
부장,1.0,이군현,1952
장관,0.35294117647058826,이군현,1952
해양,0.4117647058823529,이군현,1952
미래,0.35294117647058826,이군현,1952
교육,0.5882352941176471,이군현,1952
농림,0.8235294117647058,이군현,1952
수산,0.47058823529411764,이군현,1952
지역,0.23529411764705882,이군현,1952
청소년,0.6585365853658537,이만우,1950
부장,0.4878048780487805,이만우,1950
정보,0.6829268292682927,이만우,1950
사람,0.6829268292682927,이만우,1950
근로자,0.5121951219512195,이만우,1950
자동차,0.6097560975609756,이만우,1950
교육,1.0,이만우,1950
아동,0.5609756097560976,이만우,1950
학교,0.5609756097560976,이만우,1950
어린이,0.8048780487804879,이만우,1950
소방,1.0,이낙연,1952
사람,0.7777777777777778,이낙연,1952
지방,0.8333333333333334,이낙연,1952
노인,0.7777777777777778,이낙연,1952
장애,0.7777777777777778,이낙연,1952
요구,0.9444444444444444,이낙연,1952
공무원,0.8333333333333334,이낙연,1952
급여,0.9444444444444444,이낙연,1952
장애인,0.8333333333333334,이낙연,1952
지역,0.8888888888888888,이낙연,1952
천만원,0.4117647058823529,이노근,1954
부장,0.5294117647058824,이노근,1954
자치,1.0,이노근,1954
도지사,0.7058823529411765,이노근,1954
해양,0.4411764705882353,이노근,1954
자동차,0.8529411764705882,이노근,1954
공무원,0.5588235294117647,이노근,1954
시장,0.47058823529411764,이노근,1954
지방자치단체,0.4117647058823529,이노근,1954
사람,0.5588235294117647,이노근,1954
창조,0.4117647058823529,이강후,1953
중소기업,0.5294117647058824,이강후,1953
부장,1.0,이강후,1953
사람,0.47058823529411764,이강후,1953
해양,0.5882352941176471,이강후,1953
자동차,0.47058823529411764,이강후,1953
교육,0.7058823529411765,이강후,1953
기업,0.5294117647058824,이강후,1953
농림,0.8235294117647058,이강후,1953
수산,0.47058823529411764,이강후,1953
근로자,1.0,은수미,1963
사람,0.35714285714285715,은수미,1963
고용,0.25,은수미,1963
사업자,0.39285714285714285,은수미,1963
피해자,0.25,은수미,1963
사용자,0.25,은수미,1963
급여,0.25,은수미,1963
수립,0.25,은수미,1963
의원,0.32142857142857145,은수미,1963
국회의원,0.4642857142857143,은수미,1963
과학부,0.35294117647058826,윤진식,1946
창조,0.35294117647058826,윤진식,1946
부장,1.0,윤진식,1946
장관,0.35294117647058826,윤진식,1946
벌금,0.35294117647058826,윤진식,1946
해양,0.47058823529411764,윤진식,1946
미래,0.35294117647058826,윤진식,1946
계약,0.29411764705882354,윤진식,1946
농림,0.8235294117647058,윤진식,1946
수산,0.5294117647058824,윤진식,1946
계좌,0.42857142857142855,윤후덕,1957
근로자,0.5238095238095238,윤후덕,1957
국회,1.0,윤후덕,1957
사람,0.5238095238095238,윤후덕,1957
주택,0.8095238095238095,윤후덕,1957
자동차,0.7142857142857143,윤후덕,1957
교육,0.5714285714285714,윤후덕,1957
정보,0.47619047619047616,윤후덕,1957
학교,0.47619047619047616,윤후덕,1957
고용,0.42857142857142855,윤후덕,1957
금액,0.8666666666666667,윤호중,1963
중소기업,1.0,윤호중,1963
정보,1.0,윤호중,1963
사람,0.6,윤호중,1963
근로자,0.8,윤호중,1963
억원,0.7333333333333333,윤호중,1963
자동차,0.7333333333333333,윤호중,1963
국회,0.9333333333333333,윤호중,1963
지방자치단체,0.7333333333333333,윤호중,1963
국회의원,0.6666666666666666,윤호중,1963
과학부,0.35294117647058826,윤재옥,1961
창조,0.35294117647058826,윤재옥,1961
청소년,0.35294117647058826,윤재옥,1961
부장,1.0,윤재옥,1961
사람,0.5294117647058824,윤재옥,1961
해양,0.5882352941176471,윤재옥,1961
미래,0.35294117647058826,윤재옥,1961
교육,0.4117647058823529,윤재옥,1961
농림,0.8823529411764706,윤재옥,1961
수산,0.5294117647058824,윤재옥,1961
창조,0.35294117647058826,윤영석,1964
부장,1.0,윤영석,1964
근로자,0.4117647058823529,윤영석,1964
장관,0.4117647058823529,윤영석,1964
해양,0.5294117647058824,윤영석,1964
미래,0.35294117647058826,윤영석,1964
아동,0.47058823529411764,윤영석,1964
농림,0.8235294117647058,윤영석,1964
수산,0.5294117647058824,윤영석,1964
천만원,0.5294117647058824,윤영석,1964
과학부,0.35294117647058826,윤상현,1962
창조,0.35294117647058826,윤상현,1962
부장,1.0,윤상현,1962
공공,0.29411764705882354,윤상현,1962
장관,0.35294117647058826,윤상현,1962
해양,0.47058823529411764,윤상현,1962
미래,0.35294117647058826,윤상현,1962
교육,0.4117647058823529,윤상현,1962
농림,0.8235294117647058,윤상현,1962
수산,0.5294117647058824,윤상현,1962
청소년,0.5909090909090909,윤명희,1956
부장,0.9545454545454546,윤명희,1956
사람,0.5454545454545454,윤명희,1956
근로자,0.6818181818181818,윤명희,1956
해양,0.5909090909090909,윤명희,1956
교육,1.0,윤명희,1956
농림,0.7272727272727273,윤명희,1956
학교,0.6818181818181818,윤명희,1956
수산,0.5,윤명희,1956
어린이,0.6818181818181818,윤명희,1956
과학부,0.35294117647058826,유정복,1957
창조,0.35294117647058826,유정복,1957
부장,1.0,유정복,1957
장관,0.35294117647058826,유정복,1957
해양,0.47058823529411764,유정복,1957
미래,0.35294117647058826,유정복,1957
교육,0.29411764705882354,유정복,1957
농림,0.8235294117647058,유정복,1957
수산,0.47058823529411764,유정복,1957
국가,0.23529411764705882,유정복,1957
창조,0.35294117647058826,유재중,1956
부장,1.0,유재중,1956
건강,0.47058823529411764,유재중,1956
해양,0.6470588235294118,유재중,1956
미래,0.35294117647058826,유재중,1956
교육,0.4117647058823529,유재중,1956
농림,0.8235294117647058,유재중,1956
수산,0.5294117647058824,유재중,1956
어린이,0.5882352941176471,유재중,1956
식품,0.35294117647058826,유재중,1956
과학부,0.4117647058823529,유일호,1955
창조,0.47058823529411764,유일호,1955
부장,1.0,유일호,1955
장관,0.47058823529411764,유일호,1955
해양,0.6470588235294118,유일호,1955
미래,0.47058823529411764,유일호,1955
교육,0.29411764705882354,유일호,1955
농림,0.8235294117647058,유일호,1955
수산,0.47058823529411764,유일호,1955
금융,0.5882352941176471,유일호,1955
근로자,0.7647058823529411,윤관석,1960
중소기업,0.5588235294117647,윤관석,1960
청소년,0.5294117647058824,윤관석,1960
국회,0.5,윤관석,1960
사람,0.5294117647058824,윤관석,1960
주택,0.5,윤관석,1960
장애,0.5294117647058824,윤관석,1960
교육,0.5294117647058824,윤관석,1960
학생,0.5588235294117647,윤관석,1960
학교,1.0,윤관석,1960
근로자,0.46153846153846156,유인태,1948
인사,0.38461538461538464,유인태,1948
국회,1.0,유인태,1948
자치,0.38461538461538464,유인태,1948
고용,0.3076923076923077,유인태,1948
공무원,0.38461538461538464,유인태,1948
지방,0.3076923076923077,유인태,1948
사람,0.3076923076923077,유인태,1948
대한,0.3076923076923077,유인태,1948
국회의원,0.46153846153846156,유인태,1948
청소년,0.37037037037037035,유은혜,1962
사람,0.37037037037037035,유은혜,1962
근로자,0.5925925925925926,유은혜,1962
사업자,0.37037037037037035,유은혜,1962
직원,0.37037037037037035,유은혜,1962
학생,0.3333333333333333,유은혜,1962
수립,0.3333333333333333,유은혜,1962
학교,1.0,유은혜,1962
회사,0.3333333333333333,유은혜,1962
국회의원,0.37037037037037035,유은혜,1962
추천,0.5333333333333333,유승희,1960
청소년,0.4666666666666667,유승희,1960
정보,0.4666666666666667,유승희,1960
사람,0.9333333333333333,유승희,1960
근로자,1.0,유승희,1960
교육,0.7333333333333333,유승희,1960
피해자,0.5333333333333333,유승희,1960
여성,0.5333333333333333,유승희,1960
국회,0.4666666666666667,유승희,1960
국회의원,0.7333333333333333,유승희,1960
보험료,0.4117647058823529,유승민,1958
부장,0.9411764705882353,유승민,1958
사람,0.5882352941176471,유승민,1958
해양,0.5294117647058824,유승민,1958
공무원,1.0,유승민,1958
교육,0.6470588235294118,유승민,1958
신용카드,0.4117647058823529,유승민,1958
농림,0.8235294117647058,유승민,1958
납부,0.47058823529411764,유승민,1958
수산,0.47058823529411764,유승민,1958
지방,0.6,유승우,1948
부장,0.9,유승우,1948
근로자,0.5,유승우,1948
해양,0.55,유승우,1948
자동차,0.5,유승우,1948
교육,0.7,유승우,1948
농림,0.8,유승우,1948
기금,0.55,유승우,1948
지방자치단체,0.95,유승우,1948
벌칙,1.0,유승우,1948
근로자,1.0,유대운,1950
정보,0.8461538461538461,유대운,1950
사람,0.6923076923076923,유대운,1950
지방,0.8461538461538461,유대운,1950
공무원,0.6923076923076923,유대운,1950
교육,0.7692307692307693,유대운,1950
서명,0.6923076923076923,유대운,1950
국회,0.6923076923076923,유대운,1950
학교,0.6923076923076923,유대운,1950
지방자치단체,0.7692307692307693,유대운,1950
교원,0.2647058823529412,유기홍,1958
청소년,0.2647058823529412,유기홍,1958
국회,0.2647058823529412,유기홍,1958
사람,0.4411764705882353,유기홍,1958
근로자,0.35294117647058826,유기홍,1958
교육활동,0.2647058823529412,유기홍,1958
학생,0.5294117647058824,유기홍,1958
학교,1.0,유기홍,1958
대학,0.38235294117647056,유기홍,1958
국회의원,0.2647058823529412,유기홍,1958
창조,0.35294117647058826,유기준,1959
부장,1.0,유기준,1959
장관,0.35294117647058826,유기준,1959
해양,0.7058823529411765,유기준,1959
미래,0.35294117647058826,유기준,1959
교육,0.4117647058823529,유기준,1959
학교,0.5294117647058824,유기준,1959
농림,0.8235294117647058,유기준,1959
수산,0.5294117647058824,유기준,1959
정부,0.35294117647058826,유기준,1959
근로자,0.76,유성엽,1960
국회,1.0,유성엽,1960
사람,0.84,유성엽,1960
지방,0.64,유성엽,1960
교육,0.72,유성엽,1960
손실,0.68,유성엽,1960
정보,0.68,유성엽,1960
학교,0.88,유성엽,1960
기금,0.84,유성엽,1960
지방자치단체,0.72,유성엽,1960
채권,0.3888888888888889,원유철,1962
과학부,0.3333333333333333,원유철,1962
창조,0.3333333333333333,원유철,1962
부장,1.0,원유철,1962
장관,0.3333333333333333,원유철,1962
해양,0.5,원유철,1962
미래,0.3333333333333333,원유철,1962
교육,0.5,원유철,1962
농림,0.7777777777777778,원유철,1962
수산,0.4444444444444444,원유철,1962
근로자,1.0,원혜영,1951
국가,0.5384615384615384,원혜영,1951
국회,1.0,원혜영,1951
사람,0.6923076923076923,원혜영,1951
지방,0.5384615384615384,원혜영,1951
신청,0.6923076923076923,원혜영,1951
위원장,0.5384615384615384,원혜영,1951
서명,0.6923076923076923,원혜영,1951
지방자치단체,0.5384615384615384,원혜영,1951
국회의원,0.6923076923076923,원혜영,1951
고객,0.7777777777777778,우상호,1962
적용,0.4444444444444444,우상호,1962
국회,0.7777777777777778,우상호,1962
조치,0.7777777777777778,우상호,1962
근로자,1.0,우상호,1962
정부,0.5555555555555556,우상호,1962
직원,0.5555555555555556,우상호,1962
금액,0.5555555555555556,우상호,1962
회사,0.3333333333333333,우상호,1962
국회의원,0.8888888888888888,우상호,1962
에너지,0.6666666666666666,우윤근,1957
중소기업,0.75,우윤근,1957
국회,1.0,우윤근,1957
사람,0.75,우윤근,1957
전력,0.6666666666666666,우윤근,1957
지역,0.6666666666666666,우윤근,1957
노인,0.75,우윤근,1957
기금,0.75,우윤근,1957
지방자치단체,1.0,우윤근,1957
국회의원,0.6666666666666666,우윤근,1957
추천,0.5,오병윤,1957
국가,1.0,오병윤,1957
의료,0.5,오병윤,1957
운동,0.625,오병윤,1957
근로자,0.75,오병윤,1957
공무원,0.625,오병윤,1957
민주화,0.5,오병윤,1957
자동차,0.875,오병윤,1957
도시,0.5,오병윤,1957
보조금,0.5,오병윤,1957
지방자치단체,0.4583333333333333,우원식,1957
청소년,0.4166666666666667,우원식,1957
국회,0.5,우원식,1957
사람,0.375,우원식,1957
근로자,1.0,우원식,1957
금융,0.4166666666666667,우원식,1957
사업자,0.4166666666666667,우원식,1957
학교,0.7083333333333334,우원식,1957
금액,0.5,우원식,1957
국회의원,0.5416666666666666,우원식,1957
금치산자,0.8333333333333334,오영식,1967
손해,0.5833333333333334,오영식,1967
중소기업,0.75,오영식,1967
국회,0.5833333333333334,오영식,1967
사람,0.5833333333333334,오영식,1967
근로자,0.75,오영식,1967
사업자,0.5,오영식,1967
학교,0.6666666666666666,오영식,1967
치산,1.0,오영식,1967
국회의원,0.75,오영식,1967
고용,0.43478260869565216,오제세,1949
중소기업,0.5652173913043478,오제세,1949
실태조사,0.782608695652174,오제세,1949
국회,0.43478260869565216,오제세,1949
조치,0.4782608695652174,오제세,1949
지방,0.43478260869565216,오제세,1949
노인,0.5217391304347826,오제세,1949
위반,0.43478260869565216,오제세,1949
지방자치단체,0.5217391304347826,오제세,1949
벌칙,1.0,오제세,1949
대학,0.5,염동열,1961
창조,0.4444444444444444,염동열,1961
부장,1.0,염동열,1961
지역,0.4444444444444444,염동열,1961
벌금,0.4444444444444444,염동열,1961
해양,0.5555555555555556,염동열,1961
농림,0.7777777777777778,염동열,1961
수산,0.4444444444444444,염동열,1961
천만원,0.6666666666666666,염동열,1961
지방자치단체,0.5,염동열,1961
금치산자,0.7647058823529411,여상규,1948
공인,0.4117647058823529,여상규,1948
중소기업,0.4117647058823529,여상규,1948
소상,0.47058823529411764,여상규,1948
부장,1.0,여상규,1948
해양,0.5882352941176471,여상규,1948
교육,0.5294117647058824,여상규,1948
농림,0.8823529411764706,여상규,1948
치산,0.8235294117647058,여상규,1948
수산,0.47058823529411764,여상규,1948
부장,1.0,안효대,1955
근로자,0.5,안효대,1955
장관,0.3888888888888889,안효대,1955
벌금,0.5555555555555556,안효대,1955
해양,0.6111111111111112,안효대,1955
징역,0.5,안효대,1955
교육,0.4444444444444444,안효대,1955
농림,0.7777777777777778,안효대,1955
수산,0.5,안효대,1955
천만원,0.6666666666666666,안효대,1955
계좌,0.5,안철수,1962
보장,0.5,안철수,1962
국회,0.5,안철수,1962
장애,0.5,안철수,1962
금융,0.75,안철수,1962
대한민국,0.5,안철수,1962
급여,1.0,안철수,1962
장애인,0.75,안철수,1962
요양,0.5,안철수,1962
인권침해,0.5,안철수,1962
과학부,0.35294117647058826,안종범,1959
창조,0.35294117647058826,안종범,1959
부장,1.0,안종범,1959
근로자,0.4117647058823529,안종범,1959
장관,0.35294117647058826,안종범,1959
해양,0.47058823529411764,안종범,1959
미래,0.35294117647058826,안종범,1959
교육,0.4117647058823529,안종범,1959
농림,0.8235294117647058,안종범,1959
수산,0.47058823529411764,안종범,1959
자동차,0.2682926829268293,양승조,1959
근로자,0.3170731707317073,양승조,1959
실태조사,1.0,양승조,1959
사람,0.5121951219512195,양승조,1959
고용,0.2682926829268293,양승조,1959
지역,0.2926829268292683,양승조,1959
사업자,0.24390243902439024,양승조,1959
급여,0.36585365853658536,양승조,1959
위반,0.3170731707317073,양승조,1959
조치,0.3170731707317073,양승조,1959
과학부,0.35294117647058826,안덕수,1946
창조,0.35294117647058826,안덕수,1946
부장,1.0,안덕수,1946
장관,0.35294117647058826,안덕수,1946
해양,0.6470588235294118,안덕수,1946
미래,0.35294117647058826,안덕수,1946
교육,0.35294117647058826,안덕수,1946
농림,0.8235294117647058,안덕수,1946
수산,0.47058823529411764,안덕수,1946
금융,0.47058823529411764,안덕수,1946
공개,0.47619047619047616,안홍준,1951
부장,0.8095238095238095,안홍준,1951
특례,0.5238095238095238,안홍준,1951
사람,1.0,안홍준,1951
해양,0.5238095238095238,안홍준,1951
자동차,0.5238095238095238,안홍준,1951
교육,0.7619047619047619,안홍준,1951
장애인,0.5714285714285714,안홍준,1951
정보,0.47619047619047616,안홍준,1951
농림,0.6666666666666666,안홍준,1951
금액,0.45454545454545453,안민석,1966
청소년,0.5909090909090909,안민석,1966
국회,0.5454545454545454,안민석,1966
사람,0.9545454545454546,안민석,1966
근로자,0.45454545454545453,안민석,1966
금융,0.5,안민석,1966
교육,0.5,안민석,1966
아동,0.5,안민석,1966
학교,1.0,안민석,1966
지방자치단체,0.45454545454545453,안민석,1966
과학부,0.35294117647058826,심학봉,1961
창조,0.35294117647058826,심학봉,1961
부장,1.0,심학봉,1961
정보,0.5294117647058824,심학봉,1961
장관,0.35294117647058826,심학봉,1961
해양,0.47058823529411764,심학봉,1961
교육,0.4117647058823529,심학봉,1961
산업,0.4117647058823529,심학봉,1961
농림,0.8235294117647058,심학봉,1961
수산,0.47058823529411764,심학봉,1961
채권,0.2777777777777778,심재철,1958
과학부,0.3333333333333333,심재철,1958
창조,0.3333333333333333,심재철,1958
부장,1.0,심재철,1958
장관,0.3333333333333333,심재철,1958
해양,0.5,심재철,1958
자동차,0.4444444444444444,심재철,1958
미래,0.3333333333333333,심재철,1958
농림,0.7777777777777778,심재철,1958
수산,0.5,심재철,1958
근로자,0.8888888888888888,안규백,1961
중소기업,0.6111111111111112,안규백,1961
국회,0.8888888888888888,안규백,1961
사람,1.0,안규백,1961
고용,0.5,안규백,1961
급여,0.5555555555555556,안규백,1961
수립,0.5,안규백,1961
학교,0.6111111111111112,안규백,1961
금액,0.5,안규백,1961
지방자치단체,0.6666666666666666,안규백,1961
국회,1.0,심재권,1946
사람,0.8181818181818182,심재권,1946
근로자,0.7272727272727273,심재권,1946
장애,0.8181818181818182,심재권,1946
신청,0.5454545454545454,심재권,1946
교육,0.7272727272727273,심재권,1946
위반,0.5454545454545454,심재권,1946
아동,0.5454545454545454,심재권,1946
어린이,0.8181818181818182,심재권,1946
국회의원,0.7272727272727273,심재권,1946
과학부,0.3333333333333333,심윤조,1954
창조,0.3333333333333333,심윤조,1954
부장,1.0,심윤조,1954
장관,0.3333333333333333,심윤조,1954
해양,0.3888888888888889,심윤조,1954
미래,0.3333333333333333,심윤조,1954
교육,0.3888888888888889,심윤조,1954
농림,0.7777777777777778,심윤조,1954
수산,0.4444444444444444,심윤조,1954
정부,0.2777777777777778,심윤조,1954
교원,0.2857142857142857,심상정,1959
사람,0.2857142857142857,심상정,1959
근로자,1.0,심상정,1959
신청,0.25,심상정,1959
사업자,0.25,심상정,1959
급여,0.25,심상정,1959
손실,0.4642857142857143,심상정,1959
학교,0.39285714285714285,심상정,1959
보전,0.4642857142857143,심상정,1959
휴가,0.25,심상정,1959
지방자치단체,0.5454545454545454,신학용,1952
국회,1.0,신학용,1952
근로자,0.6363636363636364,신학용,1952
지역,0.45454545454545453,신학용,1952
이자율,0.45454545454545453,신학용,1952
사업자,0.6363636363636364,신학용,1952
학교,0.5454545454545454,신학용,1952
금액,0.45454545454545453,신학용,1952
벌칙,0.9090909090909091,신학용,1952
국회의원,0.45454545454545453,신학용,1952
청소년,0.5294117647058824,신의진,1964
부장,1.0,신의진,1964
사람,0.5294117647058824,신의진,1964
근로자,0.5882352941176471,신의진,1964
해양,0.47058823529411764,신의진,1964
교육,0.6470588235294118,신의진,1964
아동,0.5294117647058824,신의진,1964
농림,0.8235294117647058,신의진,1964
수산,0.47058823529411764,신의진,1964
어린이,0.5882352941176471,신의진,1964
금액,0.7777777777777778,신장용,1963
국회,1.0,신장용,1963
사람,1.0,신장용,1963
지방,0.7777777777777778,신장용,1963
금융,0.7777777777777778,신장용,1963
사업자,0.8888888888888888,신장용,1963
기관,0.7777777777777778,신장용,1963
계약,1.0,신장용,1963
정보,0.8888888888888888,신장용,1963
지방자치단체,0.7777777777777778,신장용,1963
과학부,0.35294117647058826,신동우,1953
국가,0.47058823529411764,신동우,1953
부장,1.0,신동우,1953
해양,0.5882352941176471,신동우,1953
미래,0.35294117647058826,신동우,1953
교육,0.4117647058823529,신동우,1953
농림,0.8235294117647058,신동우,1953
수산,0.47058823529411764,신동우,1953
지방자치단체,0.35294117647058826,신동우,1953
창조,0.35294117647058826,신동우,1953
창조,0.3333333333333333,신성범,1963
보험,0.3888888888888889,신성범,1963
부장,1.0,신성범,1963
정보,0.5,신성범,1963
지역,0.5,신성범,1963
자동차,0.7222222222222222,신성범,1963
교육,0.6666666666666666,신성범,1963
농림,0.8888888888888888,신성범,1963
수산,0.4444444444444444,신성범,1963
해양,0.5,신성범,1963
근로자,0.7142857142857143,신기남,1952
노동조합,0.42857142857142855,신기남,1952
중소기업,0.7142857142857143,신기남,1952
국회,0.7142857142857143,신기남,1952
고용,0.5714285714285714,신기남,1952
대법원,0.42857142857142855,신기남,1952
검사,1.0,신기남,1952
사업자,0.42857142857142855,신기남,1952
치산,0.5714285714285714,신기남,1952
국회의원,0.8571428571428571,신기남,1952
근로자,0.5,신계륜,1954
정보,0.25,신계륜,1954
고용,0.3125,신계륜,1954
국회의원,0.375,신계륜,1954
인문,0.25,신계륜,1954
위반,0.1875,신계륜,1954
국회,0.25,신계륜,1954
평가,0.25,신계륜,1954
조합,0.1875,신계륜,1954
벌칙,1.0,신계륜,1954
청소년,0.5,신경림,1954
부장,1.0,신경림,1954
사람,0.6111111111111112,신경림,1954
근로자,0.5,신경림,1954
노인,0.5,신경림,1954
교육,0.5555555555555556,신경림,1954
여성,0.6666666666666666,신경림,1954
아동,0.5,신경림,1954
농림,0.8333333333333334,신경림,1954
어린이,0.5555555555555556,신경림,1954
국회,1.0,송호창,1967
회사,0.4166666666666667,송호창,1967
근로자,0.8333333333333334,송호창,1967
공공기관,0.4166666666666667,송호창,1967
사업자,0.5,송호창,1967
기관,0.4166666666666667,송호창,1967
급여,0.5,송호창,1967
수립,0.6666666666666666,송호창,1967
기본계획,0.5833333333333334,송호창,1967
안전,0.4166666666666667,송호창,1967
공개,0.5,신경민,1953
청소년,0.5,신경민,1953
정보,0.7727272727272727,신경민,1953
사람,1.0,신경민,1953
근로자,0.5909090909090909,신경민,1953
공무원,0.5454545454545454,신경민,1953
기간,0.45454545454545453,신경민,1953
국회,0.6363636363636364,신경민,1953
학교,0.45454545454545453,신경민,1953
금액,0.45454545454545453,신경민,1953
청소년,0.47619047619047616,송영근,1947
부장,0.9047619047619048,송영근,1947
사람,0.8571428571428571,송영근,1947
해양,0.47619047619047616,송영근,1947
학교,0.5238095238095238,송영근,1947
교육,1.0,송영근,1947
기간,0.47619047619047616,송영근,1947
과태료,0.6666666666666666,송영근,1947
농림,0.6666666666666666,송영근,1947
어린이,0.47619047619047616,송영근,1947
과학부,0.35294117647058826,송광호,1942
창조,0.35294117647058826,송광호,1942
부장,1.0,송광호,1942
해양,0.47058823529411764,송광호,1942
미래,0.35294117647058826,송광호,1942
교육,0.4117647058823529,송광호,1942
여성,0.35294117647058826,송광호,1942
농림,0.8235294117647058,송광호,1942
수산,0.47058823529411764,송광호,1942
지역,0.4117647058823529,송광호,1942
청소년,0.7894736842105263,손인춘,1959
중소기업,0.7368421052631579,손인춘,1959
부장,1.0,손인춘,1959
사람,0.9473684210526315,손인춘,1959
근로자,0.631578947368421,손인춘,1959
교육,1.0,손인춘,1959
아동,0.631578947368421,손인춘,1959
농림,0.7368421052631579,손인춘,1959
업자,0.5789473684210527,손인춘,1959
창조,0.5789473684210527,손인춘,1959
과학부,0.3157894736842105,성완종,1951
창조,0.3684210526315789,성완종,1951
부장,1.0,성완종,1951
장관,0.3684210526315789,성완종,1951
해양,0.47368421052631576,성완종,1951
미래,0.3157894736842105,성완종,1951
기업,0.2631578947368421,성완종,1951
농림,0.7894736842105263,성완종,1951
수산,0.47368421052631576,성완종,1951
지역,0.2631578947368421,성완종,1951
회계,0.30434782608695654,설훈,1953
법인,0.30434782608695654,설훈,1953
협동조합,0.2608695652173913,설훈,1953
실태조사,1.0,설훈,1953
국회,0.34782608695652173,설훈,1953
정보,0.2608695652173913,설훈,1953
학교,0.30434782608695654,설훈,1953
금액,0.43478260869565216,설훈,1953
조사,0.30434782608695654,설훈,1953
국회의원,0.391304347826087,설훈,1953
창조,0.45,서용교,1968
부장,0.9,서용교,1968
사람,0.55,서용교,1968
근로자,0.7,서용교,1968
해양,0.6,서용교,1968
징역,0.55,서용교,1968
교육,0.65,서용교,1968
농림,0.7,서용교,1968
지방자치단체,0.55,서용교,1968
벌칙,1.0,서용교,1968
근로자,1.0,서영교,1964
청소년,0.8,서영교,1964
국회,0.9333333333333333,서영교,1964
사람,1.0,서영교,1964
고용,0.6666666666666666,서영교,1964
공무원,0.6666666666666666,서영교,1964
어린이,0.8,서영교,1964
피해자,0.6666666666666666,서영교,1964
아동,0.7333333333333333,서영교,1964
국회의원,0.9333333333333333,서영교,1964
근로자,0.7272727272727273,박영선,1960
국회,1.0,박영선,1960
회사,0.6363636363636364,박영선,1960
고용,0.5454545454545454,박영선,1960
금융,0.8181818181818182,박영선,1960
공무원,0.8181818181818182,박영선,1960
정보,0.45454545454545453,박영선,1960
회생,0.6363636363636364,박영선,1960
사람,0.5454545454545454,박영선,1960
국회의원,0.7272727272727273,박영선,1960
청소년,0.5,서상기,1946
부장,0.7727272727272727,서상기,1946
사람,0.8181818181818182,서상기,1946
해양,0.45454545454545453,서상기,1946
교육,1.0,서상기,1946
학교,0.9545454545454546,서상기,1946
농림,0.6363636363636364,서상기,1946
수산,0.4090909090909091,서상기,1946
대학,0.5454545454545454,서상기,1946
벌칙,0.3181818181818182,서상기,1946
과학부,0.35294117647058826,박성효,1955
창조,0.35294117647058826,박성효,1955
부장,1.0,박성효,1955
장관,0.35294117647058826,박성효,1955
해양,0.47058823529411764,박성효,1955
미래,0.35294117647058826,박성효,1955
농림,0.8235294117647058,박성효,1955
수산,0.47058823529411764,박성효,1955
정부,0.35294117647058826,박성효,1955
벌칙,0.4117647058823529,박성효,1955
자동차,0.8695652173913043,박수현,1964
건축물,0.43478260869565216,박수현,1964
실태조사,1.0,박수현,1964
사람,0.8695652173913043,박수현,1964
주택,0.5652173913043478,박수현,1964
지역,0.5652173913043478,박수현,1964
사업자,0.4782608695652174,박수현,1964
기관,0.43478260869565216,박수현,1964
항제,0.5652173913043478,박수현,1964
지방자치단체,0.4782608695652174,박수현,1964
국가,0.3888888888888889,박상은,1949
부장,1.0,박상은,1949
구역,0.4444444444444444,박상은,1949
해양,0.7222222222222222,박상은,1949
미래,0.3333333333333333,박상은,1949
교육,0.4444444444444444,박상은,1949
농림,0.7777777777777778,박상은,1949
수산,0.5,박상은,1949
천만원,0.3888888888888889,박상은,1949
창조,0.3333333333333333,박상은,1949
상고법원,0.5,박병석,1952
고용,0.6666666666666666,박병석,1952
국회,1.0,박병석,1952
근로자,0.8333333333333334,박병석,1952
대한민국,0.5,박병석,1952
계약,0.5,박병석,1952
수당,0.5,박병석,1952
의원,0.5,박병석,1952
금액,0.5,박병석,1952
국회의원,1.0,박병석,1952
교육,1.0,박성호,1957
부장,0.6333333333333333,박성호,1957
정보,0.43333333333333335,박성호,1957
사람,0.4666666666666667,박성호,1957
지방,0.5,박성호,1957
소방,0.5666666666666667,박성호,1957
시장,0.4666666666666667,박성호,1957
학교,0.6,박성호,1957
농림,0.5,박성호,1957
지방자치단체,0.4666666666666667,박성호,1957
사업자,0.38461538461538464,박범계,1963
구속,0.3076923076923077,박범계,1963
국회,1.0,박범계,1963
근로자,0.38461538461538464,박범계,1963
억원,0.38461538461538464,박범계,1963
금융,0.46153846153846156,박범계,1963
징역,0.38461538461538464,박범계,1963
의원,0.38461538461538464,박범계,1963
금액,0.5384615384615384,박범계,1963
국회의원,0.6923076923076923,박범계,1963
과학부,0.35294117647058826,박민식,1965
창조,0.35294117647058826,박민식,1965
부장,1.0,박민식,1965
근로자,0.35294117647058826,박민식,1965
해양,0.7647058823529411,박민식,1965
공사,0.35294117647058826,박민식,1965
미래,0.35294117647058826,박민식,1965
농림,0.8235294117647058,박민식,1965
수산,0.47058823529411764,박민식,1965
금융,0.47058823529411764,박민식,1965
부장,1.0,박덕흠,1953
특례,0.5,박덕흠,1953
장관,0.3888888888888889,박덕흠,1953
해양,0.5,박덕흠,1953
공무원,0.8888888888888888,박덕흠,1953
시장,0.4444444444444444,박덕흠,1953
농림,0.8333333333333334,박덕흠,1953
수산,0.5,박덕흠,1953
지방자치단체,0.4444444444444444,박덕흠,1953
지역,0.4444444444444444,박덕흠,1953
과학부,0.3333333333333333,박대출,1961
창조,0.3333333333333333,박대출,1961
부장,1.0,박대출,1961
소상,0.3888888888888889,박대출,1961
공공기관,0.3333333333333333,박대출,1961
해양,0.5,박대출,1961
미래,0.3333333333333333,박대출,1961
교육,0.4444444444444444,박대출,1961
농림,0.8333333333333334,박대출,1961
수산,0.5,박대출,1961
창조,0.35294117647058826,박대동,1951
부장,1.0,박대동,1951
정보,0.4117647058823529,박대동,1951
사람,0.4117647058823529,박대동,1951
해양,0.5294117647058824,박대동,1951
교육,0.4117647058823529,박대동,1951
농림,0.8235294117647058,박대동,1951
기금,0.47058823529411764,박대동,1951
금융,0.47058823529411764,박대동,1951
수산,0.47058823529411764,박대동,1951
근로자,0.8666666666666667,박민수,1964
중소기업,0.5666666666666667,박민수,1964
실태조사,0.6666666666666666,박민수,1964
국회,0.5,박민수,1964
사람,1.0,박민수,1964
주택,0.5,박민수,1964
공무원,0.8333333333333334,박민수,1964
교육,0.5333333333333333,박민수,1964
지방자치단체,0.5666666666666667,박민수,1964
식품,0.5333333333333333,박민수,1964
청년,0.5,박기춘,1956
주택,0.6,박기춘,1956
자동차,0.9,박기춘,1956
국회,0.7,박기춘,1956
근로자,0.6,박기춘,1956
해양,0.8,박기춘,1956
사업자,0.5,박기춘,1956
치산,1.0,박기춘,1956
고용,0.5,박기춘,1956
국회의원,0.5,박기춘,1956
감찰,0.25,박근혜,1952
근로자,1.0,박근혜,1952
정보,0.25,박근혜,1952
고등학교,0.5,박근혜,1952
고용,0.25,박근혜,1952
하도급,0.5,박근혜,1952
파산,0.25,박근혜,1952
채무,0.5,박근혜,1952
대금,0.25,박근혜,1952
차별,0.5,박근혜,1952
청소년,0.75,박남춘,1958
정보,0.7142857142857143,박남춘,1958
사람,1.0,박남춘,1958
근로자,0.7142857142857143,박남춘,1958
장애,0.6071428571428571,박남춘,1958
공무원,0.8928571428571429,박남춘,1958
장애인,0.5357142857142857,박남춘,1958
아동,0.6071428571428571,박남춘,1958
국회,0.6428571428571429,박남춘,1958
학교,0.6071428571428571,박남춘,1958
청소년,0.8333333333333334,민현주,1969
부장,1.0,민현주,1969
사람,0.8333333333333334,민현주,1969
근로자,0.9444444444444444,민현주,1969
해양,0.4444444444444444,민현주,1969
교육,0.6666666666666666,민현주,1969
아동,1.0,민현주,1969
농림,0.7777777777777778,민현주,1969
수산,0.4444444444444444,민현주,1969
보육,0.4444444444444444,민현주,1969
국가,0.6086956521739131,민홍철,1961
실태조사,0.782608695652174,민홍철,1961
국회,0.8260869565217391,민홍철,1961
사람,0.782608695652174,민홍철,1961
근로자,0.8695652173913043,민홍철,1961
자동차,1.0,민홍철,1961
교육,0.5652173913043478,민홍철,1961
학교,0.7391304347826086,민홍철,1961
지방자치단체,0.6521739130434783,민홍철,1961
어린이,0.5652173913043478,민홍철,1961
청소년,0.4117647058823529,민병주,1959
부장,1.0,민병주,1959
사람,0.47058823529411764,민병주,1959
해양,0.5882352941176471,민병주,1959
교육,1.0,민병주,1959
학교,0.5294117647058824,민병주,1959
업자,0.47058823529411764,민병주,1959
농림,0.8235294117647058,민병주,1959
기금,0.4117647058823529,민병주,1959
수산,0.5294117647058824,민병주,1959
중소기업,0.47368421052631576,민병두,1958
국회,0.7368421052631579,민병두,1958
조치,0.3684210526315789,민병두,1958
근로자,0.47368421052631576,민병두,1958
금융,1.0,민병두,1958
사업자,0.631578947368421,민병두,1958
기관,0.3684210526315789,민병두,1958
업자,0.42105263157894735,민병두,1958
회사,0.631578947368421,민병두,1958
국회의원,0.3684210526315789,민병두,1958
청년,0.6,문재인,1953
고용,1.0,문재인,1953
적용,0.6,문재인,1953
국회,0.8,문재인,1953
근로자,1.0,문재인,1953
사업자,0.6,문재인,1953
금액,0.8,문재인,1953
의원,0.8,문재인,1953
지방,0.6,문재인,1953
국회의원,1.0,문재인,1953
개인정보,0.7777777777777778,문희상,1945
정보,0.5555555555555556,문희상,1945
근로자,0.5555555555555556,문희상,1945
공무원,0.7777777777777778,문희상,1945
주택,0.6666666666666666,문희상,1945
세액,0.5555555555555556,문희상,1945
국회,0.5555555555555556,문희상,1945
지방,1.0,문희상,1945
지방자치단체,0.8888888888888888,문희상,1945
국회의원,0.6666666666666666,문희상,1945
부장,0.475,문정림,1961
자치,1.0,문정림,1961
도지사,0.675,문정림,1961
해양,0.25,문정림,1961
자동차,0.3,문정림,1961
시장,0.325,문정림,1961
농림,0.4,문정림,1961
수산,0.25,문정림,1961
어린이,0.5,문정림,1961
사람,0.4,문정림,1961
공개,0.7857142857142857,문병호,1959
주택,0.7142857142857143,문병호,1959
인사,0.6428571428571429,문병호,1959
국회,1.0,문병호,1959
근로자,0.7857142857142857,문병호,1959
금융,0.7142857142857143,문병호,1959
고용,0.6428571428571429,문병호,1959
정보,0.6428571428571429,문병호,1959
지역,0.7142857142857143,문병호,1959
시행,0.5714285714285714,문병호,1959
국가,0.6666666666666666,문대성,1976
청소년,0.9333333333333333,문대성,1976
정보,0.6666666666666666,문대성,1976
사람,0.7333333333333333,문대성,1976
자동차,0.6666666666666666,문대성,1976
광고,0.6,문대성,1976
가족,0.5333333333333333,문대성,1976
아동,0.6666666666666666,문대성,1976
학교,1.0,문대성,1976
지방자치단체,0.6,문대성,1976
보험료,0.30303030303030304,도종환,1955
국회,0.24242424242424243,도종환,1955
사람,0.3939393939393939,도종환,1955
근로자,0.30303030303030304,도종환,1955
교육활동,0.30303030303030304,도종환,1955
노인,0.24242424242424243,도종환,1955
학생,0.5151515151515151,도종환,1955
장애인,0.2727272727272727,도종환,1955
학교,1.0,도종환,1955
고용,0.24242424242424243,도종환,1955
과학부,0.35294117647058826,노철래,1950
창조,0.4117647058823529,노철래,1950
부장,1.0,노철래,1950
장관,0.35294117647058826,노철래,1950
해양,0.5294117647058824,노철래,1950
도시,0.23529411764705882,노철래,1950
미래,0.4117647058823529,노철래,1950
농림,0.8823529411764706,노철래,1950
축산,0.29411764705882354,노철래,1950
수산,0.47058823529411764,노철래,1950
금융기관,0.3,노회찬,1956
대부,0.5,노회찬,1956
교부금,0.4,노회찬,1956
중소기업,0.4,노회찬,1956
국회,0.3,노회찬,1956
근로자,0.5,노회찬,1956
금융,0.3,노회찬,1956
공무원,1.0,노회찬,1956
소방,0.3,노회찬,1956
업자,0.4,노회찬,1956
청소년,0.9047619047619048,류지영,1950
부장,0.8571428571428571,류지영,1950
사람,0.6666666666666666,류지영,1950
근로자,0.5714285714285714,류지영,1950
해양,0.5714285714285714,류지영,1950
교육,0.6190476190476191,류지영,1950
여성,0.6666666666666666,류지영,1950
아동,1.0,류지영,1950
농림,0.6666666666666666,류지영,1950
어린이,0.7619047619047619,류지영,1950
공개,0.9230769230769231,노웅래,1957
추천,0.6153846153846154,노웅래,1957
청소년,0.6153846153846154,노웅래,1957
국회,0.6923076923076923,노웅래,1957
사람,1.0,노웅래,1957
근로자,0.6923076923076923,노웅래,1957
신청,0.5384615384615384,노웅래,1957
정보,0.9230769230769231,노웅래,1957
지방자치단체,0.6153846153846154,노웅래,1957
회의,0.6153846153846154,노웅래,1957
에너지,0.6363636363636364,노영민,1957
청소년,0.6363636363636364,노영민,1957
중소기업,0.8181818181818182,노영민,1957
국회,1.0,노영민,1957
근로자,0.7272727272727273,노영민,1957
지역,0.5454545454545454,노영민,1957
과태료,0.6363636363636364,노영민,1957
치산,0.6363636363636364,노영민,1957
지방자치단체,0.6363636363636364,노영민,1957
정부,0.5454545454545454,노영민,1957
청소년,0.95,남인순,1958
국회,0.8,남인순,1958
사람,0.8,남인순,1958
근로자,1.0,남인순,1958
교육,0.9,남인순,1958
급여,0.7,남인순,1958
피해자,0.7,남인순,1958
아동,0.8,남인순,1958
정보,0.8,남인순,1958
국회의원,0.6,남인순,1958
창조,0.3333333333333333,남경필,1965
부장,1.0,남경필,1965
정보,0.3333333333333333,남경필,1965
사람,0.4444444444444444,남경필,1965
장관,0.3333333333333333,남경필,1965
해양,0.4444444444444444,남경필,1965
징역,0.6111111111111112,남경필,1965
미래,0.3333333333333333,남경필,1965
농림,0.7777777777777778,남경필,1965
수산,0.4444444444444444,남경필,1965
과학부,0.3333333333333333,김희정,1971
창조,0.3888888888888889,김희정,1971
청소년,0.5,김희정,1971
부장,1.0,김희정,1971
장관,0.3888888888888889,김희정,1971
해양,0.6666666666666666,김희정,1971
미래,0.3333333333333333,김희정,1971
교육,0.3888888888888889,김희정,1971
농림,0.7777777777777778,김희정,1971
수산,0.4444444444444444,김희정,1971
공제,0.35294117647058826,나성린,1953
지방,0.35294117647058826,나성린,1953
창조,0.35294117647058826,나성린,1953
부장,1.0,나성린,1953
주택,0.5882352941176471,나성린,1953
해양,0.6470588235294118,나성린,1953
금액,0.4117647058823529,나성린,1953
농림,0.8235294117647058,나성린,1953
수산,0.47058823529411764,나성린,1953
금융,0.4117647058823529,나성린,1953
채권,0.35294117647058826,김회선,1955
과학부,0.35294117647058826,김회선,1955
창조,0.35294117647058826,김회선,1955
수사,0.29411764705882354,김회선,1955
부장,1.0,김회선,1955
장관,0.35294117647058826,김회선,1955
해양,0.47058823529411764,김회선,1955
미래,0.35294117647058826,김회선,1955
농림,0.8235294117647058,김회선,1955
수산,0.47058823529411764,김회선,1955
창조,0.35294117647058826,김희국,1958
부장,1.0,김희국,1958
주택,0.5882352941176471,김희국,1958
해양,0.4117647058823529,김희국,1958
자동차,0.35294117647058826,김희국,1958
미래,0.35294117647058826,김희국,1958
교육,0.5294117647058824,김희국,1958
농림,0.8235294117647058,김희국,1958
수산,0.47058823529411764,김희국,1958
어린이,0.4117647058823529,김희국,1958
사람,1.0,김형태,1952
참전,0.3333333333333333,김형태,1952
자동차,0.3333333333333333,김형태,1952
실시,0.6666666666666666,김형태,1952
수당,0.5,김형태,1952
중독,0.3333333333333333,김형태,1952
시험,0.3333333333333333,김형태,1952
저소득층,0.6666666666666666,김형태,1952
보상금,0.5,김형태,1952
유의,0.3333333333333333,김형태,1952
아동,0.7647058823529411,김현숙,1966
농림,0.8235294117647058,김현숙,1966
청소년,0.8235294117647058,김현숙,1966
부장,1.0,김현숙,1966
사람,0.7058823529411765,김현숙,1966
근로자,0.5882352941176471,김현숙,1966
교육,0.7058823529411765,김현숙,1966
여성,0.6470588235294118,김현숙,1966
학교,0.5294117647058824,김현숙,1966
어린이,0.5882352941176471,김현숙,1966
근로자,0.5555555555555556,김현,1965
정보,1.0,김현,1965
고용,0.5555555555555556,김현,1965
소방,0.5555555555555556,김현,1965
서명,1.0,김현,1965
국회,0.8888888888888888,김현,1965
금액,0.8888888888888888,김현,1965
의원,0.6666666666666666,김현,1965
지역,0.6666666666666666,김현,1965
국회의원,0.8888888888888888,김현,1965
근로자,1.0,김한길,1953
국회,0.8,김한길,1953
회사,0.6,김한길,1953
고용,0.6,김한길,1953
광고,0.6,김한길,1953
수당,0.6,김한길,1953
의원,0.6,김한길,1953
금액,0.6,김한길,1953
정부,0.6,김한길,1953
국회의원,1.0,김한길,1953
과학부,1.0,김학용,1961
국가,0.8333333333333334,김학용,1961
부장,0.8333333333333334,김학용,1961
대법원,0.5,김학용,1961
장관,1.0,김학용,1961
해양,0.5,김학용,1961
미래,1.0,김학용,1961
교육,0.6666666666666666,김학용,1961
정부,0.6666666666666666,김학용,1961
창조,1.0,김학용,1961
주택,0.6,김현미,1962
중소기업,0.8,김현미,1962
국회,0.7,김현미,1962
회사,0.55,김현미,1962
지방,0.55,김현미,1962
억원,0.6,김현미,1962
근로자,1.0,김현미,1962
정보,0.65,김현미,1962
금액,0.95,김현미,1962
국회의원,0.7,김현미,1962
청소년,0.631578947368421,김한표,1954
부장,0.9473684210526315,김한표,1954
사람,0.631578947368421,김한표,1954
해양,0.631578947368421,김한표,1954
자동차,0.5789473684210527,김한표,1954
학교,0.7894736842105263,김한표,1954
교육,1.0,김한표,1954
아동,0.5789473684210527,김한표,1954
농림,0.7368421052631579,김한표,1954
지역,0.5263157894736842,김한표,1954
국가,0.4117647058823529,김태흠,1963
부장,1.0,김태흠,1963
장관,0.35294117647058826,김태흠,1963
해양,0.5882352941176471,김태흠,1963
미래,0.35294117647058826,김태흠,1963
교육,0.4117647058823529,김태흠,1963
농림,0.8235294117647058,김태흠,1963
수산,0.47058823529411764,김태흠,1963
지역,0.35294117647058826,김태흠,1963
창조,0.35294117647058826,김태흠,1963
과학부,0.35294117647058826,김태호,1962
창조,0.35294117647058826,김태호,1962
부장,1.0,김태호,1962
사람,0.47058823529411764,김태호,1962
장관,0.35294117647058826,김태호,1962
해양,0.4117647058823529,김태호,1962
미래,0.35294117647058826,김태호,1962
정책,0.29411764705882354,김태호,1962
농림,0.8235294117647058,김태호,1962
수산,0.47058823529411764,김태호,1962
과학부,0.35294117647058826,김태환,1943
창조,0.47058823529411764,김태환,1943
부장,1.0,김태환,1943
장관,0.35294117647058826,김태환,1943
공공기관,0.35294117647058826,김태환,1943
해양,0.5294117647058824,김태환,1943
미래,0.35294117647058826,김태환,1943
교육,0.35294117647058826,김태환,1943
농림,0.8823529411764706,김태환,1943
수산,0.47058823529411764,김태환,1943
회계,0.30434782608695654,김태년,1965
노동조합,0.34782608695652173,김태년,1965
정보,0.391304347826087,김태년,1965
사람,0.30434782608695654,김태년,1965
근로자,0.5217391304347826,김태년,1965
기관,0.30434782608695654,김태년,1965
학생,0.34782608695652173,김태년,1965
급여,0.30434782608695654,김태년,1965
국회,0.30434782608695654,김태년,1965
학교,1.0,김태년,1965
금액,0.875,김진표,1947
감면,0.5,김진표,1947
청소년,1.0,김진표,1947
국회,0.5,김진표,1947
사람,0.5,김진표,1947
근로자,0.75,김진표,1947
사업자,0.5,김진표,1947
아동,0.5,김진표,1947
지방자치단체,0.625,김진표,1947
국회의원,0.625,김진표,1947
국가,0.5555555555555556,김진태,1964
부장,1.0,김진태,1964
공무원,0.7777777777777778,김진태,1964
해양,0.4444444444444444,김진태,1964
미래,0.3333333333333333,김진태,1964
아동,0.3333333333333333,김진태,1964
농림,0.8333333333333334,김진태,1964
수산,0.4444444444444444,김진태,1964
지역,0.3888888888888889,김진태,1964
창조,0.3333333333333333,김진태,1964
청소년,0.8787878787878788,김태원,1951
사람,0.7878787878787878,김태원,1951
어린이,0.6666666666666666,김태원,1951
소방,0.696969696969697,김태원,1951
자동차,0.9696969696969697,김태원,1951
공무원,0.7272727272727273,김태원,1951
교육,0.7878787878787878,김태원,1951
아동,0.6666666666666666,김태원,1951
학교,1.0,김태원,1951
지방자치단체,0.6060606060606061,김태원,1951
채권,0.3125,김종훈,1952
과학부,0.375,김종훈,1952
창조,0.375,김종훈,1952
부장,1.0,김종훈,1952
장관,0.375,김종훈,1952
해양,0.5,김종훈,1952
미래,0.375,김종훈,1952
교육,0.4375,김종훈,1952
농림,0.875,김종훈,1952
수산,0.5,김종훈,1952
정보,0.6,김춘진,1953
사람,0.84,김춘진,1953
근로자,1.0,김춘진,1953
지역,0.64,김춘진,1953
공무원,0.8,김춘진,1953
교육,0.56,김춘진,1953
국회,0.6,김춘진,1953
기금,0.64,김춘진,1953
지방자치단체,0.56,김춘진,1953
식품,0.6,김춘진,1953
창조,0.3157894736842105,김종태,1949
부장,1.0,김종태,1949
사람,0.8947368421052632,김종태,1949
해양,0.5789473684210527,김종태,1949
교육,0.5263157894736842,김종태,1949
선박,0.42105263157894735,김종태,1949
농림,0.7368421052631579,김종태,1949
수산,0.47368421052631576,김종태,1949
지역,0.3157894736842105,김종태,1949
공인,0.3157894736842105,김종태,1949
중소기업,0.6428571428571429,김제남,1963
사람,0.6428571428571429,김제남,1963
근로자,0.9285714285714286,김제남,1963
사업자,0.5714285714285714,김제남,1963
공무원,0.7857142857142857,김제남,1963
피해자,0.7142857142857143,김제남,1963
손실,0.9285714285714286,김제남,1963
학교,0.7857142857142857,김제남,1963
보전,1.0,김제남,1963
기본계획,0.5714285714285714,김제남,1963
청소년,0.65,김정록,1951
부장,0.85,김정록,1951
정보,0.55,김정록,1951
사람,0.6,김정록,1951
근로자,0.9,김정록,1951
자녀,0.55,김정록,1951
가족,0.5,김정록,1951
아동,0.65,김정록,1951
농림,0.7,김정록,1951
어린이,1.0,김정록,1951
수수료,0.47368421052631576,김재원,1964
국가,0.3684210526315789,김재원,1964
부장,1.0,김재원,1964
축산,0.3684210526315789,김재원,1964
해양,0.5263157894736842,김재원,1964
교육,0.3684210526315789,김재원,1964
농림,0.7368421052631579,김재원,1964
수산,0.42105263157894735,김재원,1964
지역,0.47368421052631576,김재원,1964
창조,0.42105263157894735,김재원,1964
금액,0.6,김재연,1980
정보,1.0,김재연,1980
근로자,0.8,김재연,1980
요구,0.8,김재연,1980
공무원,1.0,김재연,1980
급여,1.0,김재연,1980
파산,0.8,김재연,1980
소득,0.6,김재연,1980
자료,0.6,김재연,1980
국회의원,1.0,김재연,1980
국가,0.56,김재윤,1965
정보,0.6,김재윤,1965
사람,1.0,김재윤,1965
근로자,0.8,김재윤,1965
노인,0.52,김재윤,1965
어린이,0.64,김재윤,1965
급여,0.68,김재윤,1965
장애인,0.56,김재윤,1965
학교,0.92,김재윤,1965
제주,0.56,김재윤,1965
창조,0.35294117647058826,김재경,1961
부장,1.0,김재경,1961
장관,0.35294117647058826,김재경,1961
벌금,0.35294117647058826,김재경,1961
해양,0.5294117647058824,김재경,1961
미래,0.35294117647058826,김재경,1961
교육,0.4117647058823529,김재경,1961
공공기관,0.35294117647058826,김재경,1961
농림,0.8823529411764706,김재경,1961
수산,0.47058823529411764,김재경,1961
창조,0.47058823529411764,김장실,1956
청소년,0.47058823529411764,김장실,1956
부장,1.0,김장실,1956
사람,0.5882352941176471,김장실,1956
해양,0.47058823529411764,김장실,1956
교육,0.5882352941176471,김장실,1956
학교,0.7058823529411765,김장실,1956
농림,0.8235294117647058,김장실,1956
수산,0.47058823529411764,김장실,1956
어린이,0.47058823529411764,김장실,1956
국가,0.3076923076923077,김을동,1945
부장,0.4358974358974359,김을동,1945
자치,1.0,김을동,1945
도지사,0.717948717948718,김을동,1945
해양,0.3076923076923077,김을동,1945
자동차,0.358974358974359,김을동,1945
시장,0.358974358974359,김을동,1945
교육,0.3076923076923077,김을동,1945
농림,0.38461538461538464,김을동,1945
사람,0.3076923076923077,김을동,1945
공개,0.4444444444444444,김윤덕,1966
추천,0.37037037037037035,김윤덕,1966
사람,1.0,김윤덕,1966
근로자,0.5555555555555556,김윤덕,1966
교육,0.4444444444444444,김윤덕,1966
학생,0.48148148148148145,김윤덕,1966
위반,0.37037037037037035,김윤덕,1966
학교,0.5925925925925926,김윤덕,1966
금액,0.4444444444444444,김윤덕,1966
국회의원,0.37037037037037035,김윤덕,1966
과학부,0.35294117647058826,김용태,1968
창조,0.35294117647058826,김용태,1968
부장,1.0,김용태,1968
장관,0.35294117647058826,김용태,1968
벌금,0.4117647058823529,김용태,1968
해양,0.6470588235294118,김용태,1968
미래,0.35294117647058826,김용태,1968
교육,0.35294117647058826,김용태,1968
농림,0.8235294117647058,김용태,1968
수산,0.47058823529411764,김용태,1968
근로자,0.7272727272727273,김용익,1952
실태조사,1.0,김용익,1952
사람,0.6363636363636364,김용익,1952
고용,0.36363636363636365,김용익,1952
금융,0.4090909090909091,김용익,1952
사업자,0.5454545454545454,김용익,1952
적용,0.3181818181818182,김용익,1952
규정,0.36363636363636365,김용익,1952
위반,0.5,김용익,1952
국회의원,0.45454545454545453,김용익,1952
고용,0.5555555555555556,김영환,1955
국회,0.6666666666666666,김영환,1955
회사,0.5555555555555556,김영환,1955
지방,0.5555555555555556,김영환,1955
노인,0.5555555555555556,김영환,1955
금융,1.0,김영환,1955
사업자,0.6666666666666666,김영환,1955
근로자,0.8888888888888888,김영환,1955
지방자치단체,0.6666666666666666,김영환,1955
정부,0.5555555555555556,김영환,1955
취소,0.64,김우남,1955
청소년,0.52,김우남,1955
국회,0.68,김우남,1955
사람,1.0,김우남,1955
근로자,0.92,김우남,1955
공무원,0.6,김우남,1955
기관,0.52,김우남,1955
교육,0.76,김우남,1955
기간,0.56,김우남,1955
정보,0.6,김우남,1955
창조,0.3888888888888889,김영우,1967
부장,1.0,김영우,1967
지방,0.3333333333333333,김영우,1967
해양,0.4444444444444444,김영우,1967
자동차,0.3888888888888889,김영우,1967
미래,0.3333333333333333,김영우,1967
학교,0.4444444444444444,김영우,1967
농림,0.8333333333333334,김영우,1967
수산,0.5,김영우,1967
의결,0.3888888888888889,김영우,1967
명칭,0.4444444444444444,김성태,1958
자동차,0.6666666666666666,김성태,1958
부장,1.0,김성태,1958
근로자,0.9444444444444444,김성태,1958
해양,0.6111111111111112,김성태,1958
징역,0.4444444444444444,김성태,1958
과태료,0.4444444444444444,김성태,1958
농림,0.8333333333333334,김성태,1958
수산,0.5,김성태,1958
벌칙,0.6666666666666666,김성태,1958
지방,0.5789473684210527,김승남,1966
농림,0.5789473684210527,김승남,1966
정보,0.631578947368421,김승남,1966
사람,0.8947368421052632,김승남,1966
근로자,1.0,김승남,1966
지역,0.5263157894736842,김승남,1966
국회,0.631578947368421,김승남,1966
학교,0.5263157894736842,김승남,1966
금액,0.5789473684210527,김승남,1966
지방자치단체,0.7368421052631579,김승남,1966
감면,0.6,김영록,1955
국회,0.6,김영록,1955
조치,1.0,김영록,1955
근로자,0.85,김영록,1955
사람,0.85,김영록,1955
지역,0.55,김영록,1955
공무원,0.8,김영록,1955
취소,0.7,김영록,1955
금융,0.6,김영록,1955
식품,0.6,김영록,1955
국가,0.5384615384615384,김세연,1972
청소년,0.46153846153846156,김세연,1972
부장,0.6538461538461539,김세연,1972
사람,0.6153846153846154,김세연,1972
지방,0.46153846153846156,김세연,1972
해양,0.7307692307692307,김세연,1972
학교,0.8076923076923077,김세연,1972
교육,1.0,김세연,1972
아동,0.46153846153846156,김세연,1972
농림,0.5384615384615384,김세연,1972
창조,0.3684210526315789,김성찬,1954
부장,0.9473684210526315,김성찬,1954
사람,1.0,김성찬,1954
장관,0.42105263157894735,김성찬,1954
해양,0.5789473684210527,김성찬,1954
교육,0.631578947368421,김성찬,1954
아동,0.47368421052631576,김성찬,1954
농림,0.7368421052631579,김성찬,1954
수산,0.42105263157894735,김성찬,1954
자료,0.3684210526315789,김성찬,1954
근로자,0.5238095238095238,김성주,1964
국가,0.5238095238095238,김성주,1964
실태조사,1.0,김성주,1964
국회,0.47619047619047616,김성주,1964
사람,0.47619047619047616,김성주,1964
지방,0.7142857142857143,김성주,1964
사업자,0.42857142857142855,김성주,1964
직원,0.47619047619047616,김성주,1964
급여,0.5714285714285714,김성주,1964
조치,0.42857142857142855,김성주,1964
토지,0.47058823529411764,김상훈,1963
부장,1.0,김상훈,1963
사람,0.5882352941176471,김상훈,1963
공공기관,0.5294117647058824,김상훈,1963
해양,0.47058823529411764,김상훈,1963
교육,0.7058823529411765,김상훈,1963
농림,0.8235294117647058,김상훈,1963
수산,0.47058823529411764,김상훈,1963
지방자치단체,0.47058823529411764,김상훈,1963
전기,0.47058823529411764,김상훈,1963
추천,0.3142857142857143,김상희,1954
청소년,0.5142857142857142,김상희,1954
실태조사,0.5142857142857142,김상희,1954
사람,0.8285714285714286,김상희,1954
근로자,0.7142857142857143,김상희,1954
교육,0.34285714285714286,김상희,1954
학생,0.5428571428571428,김상희,1954
피해자,0.34285714285714286,김상희,1954
학교,1.0,김상희,1954
조치,0.37142857142857144,김상희,1954
채권,0.3888888888888889,김상민,1973
창조,0.3333333333333333,김상민,1973
부장,1.0,김상민,1973
근로자,1.0,김상민,1973
해양,0.5,김상민,1973
교육,0.3888888888888889,김상민,1973
학교,0.4444444444444444,김상민,1973
농림,0.7777777777777778,김상민,1973
수산,0.4444444444444444,김상민,1973
벌칙,0.3888888888888889,김상민,1973
청소년,0.625,김미희,1966
의료,0.75,김미희,1966
사람,0.625,김미희,1966
근로자,1.0,김미희,1966
시험,0.625,김미희,1966
공무원,0.875,김미희,1966
급여,0.75,김미희,1966
장애인,0.875,김미희,1966
금액,0.625,김미희,1966
파산,0.625,김미희,1966
주택,0.5714285714285714,김무성,1951
정당,0.7142857142857143,김무성,1951
후보자,0.5714285714285714,김무성,1951
협동조합,0.42857142857142855,김무성,1951
정보,0.7142857142857143,김무성,1951
구역,0.42857142857142855,김무성,1951
지역,1.0,김무성,1951
창업,0.5714285714285714,김무성,1951
기간,0.42857142857142855,김무성,1951
보조금,0.5714285714285714,김무성,1951
개인정보,0.47058823529411764,김민기,1966
정보,0.7058823529411765,김민기,1966
근로자,0.6470588235294118,김민기,1966
요구,0.4117647058823529,김민기,1966
직원,0.47058823529411764,김민기,1966
공무원,0.47058823529411764,김민기,1966
국회,0.6470588235294118,김민기,1966
금액,0.4117647058823529,김민기,1966
지방자치단체,1.0,김민기,1966
국회의원,0.4117647058823529,김민기,1966
중소기업,0.46153846153846156,김성곤,1952
청소년,0.5641025641025641,김성곤,1952
정보,0.5897435897435898,김성곤,1952
사람,1.0,김성곤,1952
지역,0.48717948717948717,김성곤,1952
자동차,0.5384615384615384,김성곤,1952
교육,0.5384615384615384,김성곤,1952
국회,0.5384615384615384,김성곤,1952
학교,0.5128205128205128,김성곤,1952
지방자치단체,0.5128205128205128,김성곤,1952
청소년,0.47058823529411764,김명연,1964
부장,1.0,김명연,1964
사람,0.8235294117647058,김명연,1964
근로자,0.47058823529411764,김명연,1964
해양,0.47058823529411764,김명연,1964
교육,0.5882352941176471,김명연,1964
아동,0.47058823529411764,김명연,1964
농림,0.8823529411764706,김명연,1964
수산,0.47058823529411764,김명연,1964
어린이,0.47058823529411764,김명연,1964
근로자,0.2692307692307692,김동완,1958
국가,0.34615384615384615,김동완,1958
중소기업,0.4230769230769231,김동완,1958
부장,0.6538461538461539,김동완,1958
자치,1.0,김동완,1958
도지사,0.6923076923076923,김동완,1958
해양,0.38461538461538464,김동완,1958
교육,0.38461538461538464,김동완,1958
농림,0.5769230769230769,김동완,1958
수산,0.3076923076923077,김동완,1958
창조,0.35294117647058826,김도읍,1964
부장,1.0,김도읍,1964
장관,0.35294117647058826,김도읍,1964
해양,0.6470588235294118,김도읍,1964
자동차,0.35294117647058826,김도읍,1964
공무원,0.8823529411764706,김도읍,1964
미래,0.35294117647058826,김도읍,1964
아동,0.4117647058823529,김도읍,1964
농림,0.8235294117647058,김도읍,1964
수산,0.47058823529411764,김도읍,1964
지방,0.7692307692307693,김동철,1955
중소기업,1.0,김동철,1955
운동,0.6923076923076923,김동철,1955
국회,1.0,김동철,1955
고용,0.7692307692307693,김동철,1955
지역,0.8461538461538461,김동철,1955
근로자,0.6153846153846154,김동철,1955
수립,0.6923076923076923,김동철,1955
기금,0.7692307692307693,김동철,1955
국회의원,0.6153846153846154,김동철,1955
과학부,0.35294117647058826,김기현,1959
창조,0.35294117647058826,김기현,1959
부장,1.0,김기현,1959
국회,0.23529411764705882,김기현,1959
장관,0.35294117647058826,김기현,1959
해양,0.47058823529411764,김기현,1959
미래,0.35294117647058826,김기현,1959
농림,0.8235294117647058,김기현,1959
수산,0.47058823529411764,김기현,1959
국가,0.23529411764705882,김기현,1959
계좌,0.5454545454545454,김기식,1966
조치,0.6363636363636364,김기식,1966
국회,0.8181818181818182,김기식,1966
회사,1.0,김기식,1966
근로자,0.7272727272727273,김기식,1966
장애,0.9090909090909091,김기식,1966
정보,0.5454545454545454,김기식,1966
금액,0.8181818181818182,김기식,1966
사람,0.6363636363636364,김기식,1966
국회의원,0.7272727272727273,김기식,1966
추천,0.34375,김기준,1957
근로자,0.6875,김기준,1957
협동조합,0.46875,김기준,1957
국회,0.4375,김기준,1957
회사,0.5,김기준,1957
고용,0.3125,김기준,1957
금융,1.0,김기준,1957
사업자,0.34375,김기준,1957
교육,0.3125,김기준,1957
금액,0.3125,김기준,1957
과학부,0.35294117647058826,김근태,1952
창조,0.35294117647058826,김근태,1952
부장,1.0,김근태,1952
장관,0.4117647058823529,김근태,1952
해양,0.4117647058823529,김근태,1952
미래,0.35294117647058826,김근태,1952
농림,0.8823529411764706,김근태,1952
축산,0.29411764705882354,김근태,1952
수산,0.47058823529411764,김근태,1952
국가,0.23529411764705882,김근태,1952
지방자치단체,0.5789473684210527,김기선,1952
부장,0.8947368421052632,김기선,1952
정보,0.7368421052631579,김기선,1952
사람,0.47368421052631576,김기선,1952
지역,0.47368421052631576,김기선,1952
공무원,1.0,김기선,1952
시장,0.5263157894736842,김기선,1952
특례,0.5789473684210527,김기선,1952
농림,0.7368421052631579,김기선,1952
해양,0.5263157894736842,김기선,1952
채권,0.35294117647058826,김광림,1948
과학부,0.35294117647058826,김광림,1948
창조,0.35294117647058826,김광림,1948
부장,1.0,김광림,1948
사람,0.4117647058823529,김광림,1948
해양,0.4117647058823529,김광림,1948
미래,0.35294117647058826,김광림,1948
농림,0.8235294117647058,김광림,1948
수산,0.47058823529411764,김광림,1948
금액,0.4117647058823529,김광림,1948
근로자,0.8378378378378378,김광진,1981
청소년,0.43243243243243246,김광진,1981
국회,0.5675675675675675,김광진,1981
사람,1.0,김광진,1981
고용,0.4864864864864865,김광진,1981
공무원,0.4594594594594595,김광진,1981
교육,0.5675675675675675,김광진,1981
정보,0.6756756756756757,김광진,1981
학교,0.7837837837837838,김광진,1981
지방자치단체,0.43243243243243246,김광진,1981
근로자,1.0,김경협,1962
국가,0.225,김경협,1962
국회,0.225,김경협,1962
사람,0.325,김경협,1962
고용,0.225,김경협,1962
사업자,0.25,김경협,1962
공무원,0.25,김경협,1962
사용자,0.275,김경협,1962
징계,0.275,김경협,1962
국회의원,0.2,김경협,1962
자동차,0.7894736842105263,김관영,1969
금액,0.6842105263157895,김관영,1969
중소기업,0.8421052631578947,김관영,1969
국회,1.0,김관영,1969
사람,0.9473684210526315,김관영,1969
근로자,1.0,김관영,1969
억원,0.6842105263157895,김관영,1969
사업자,0.5789473684210527,김관영,1969
정보,0.6842105263157895,김관영,1969
지방자치단체,0.631578947368421,김관영,1969
금치산자,0.3333333333333333,길정우,1955
창조,0.3333333333333333,길정우,1955
청소년,0.6111111111111112,길정우,1955
부장,1.0,길정우,1955
해양,0.4444444444444444,길정우,1955
미래,0.3333333333333333,길정우,1955
교육,0.3333333333333333,길정우,1955
농림,0.7777777777777778,길정우,1955
과학부,0.3333333333333333,길정우,1955
수산,0.4444444444444444,길정우,1955
중소기업,0.7058823529411765,권은희,1959
부장,1.0,권은희,1959
정보,0.5882352941176471,권은희,1959
사람,0.5882352941176471,권은희,1959
공공기관,0.7058823529411765,권은희,1959
교육,0.6470588235294118,권은희,1959
수당,0.5294117647058824,권은희,1959
학교,0.6470588235294118,권은희,1959
농림,0.8235294117647058,권은희,1959
수산,0.47058823529411764,권은희,1959
과학부,0.35294117647058826,고희선,1949
창조,0.35294117647058826,고희선,1949
부장,1.0,고희선,1949
장관,0.35294117647058826,고희선,1949
해양,0.5294117647058824,고희선,1949
미래,0.35294117647058826,고희선,1949
교육,0.29411764705882354,고희선,1949
농림,0.8235294117647058,고희선,1949
수산,0.47058823529411764,고희선,1949
어린이,0.4117647058823529,고희선,1949
국가,0.4117647058823529,경대수,1958
부장,1.0,경대수,1958
장관,0.35294117647058826,경대수,1958
해양,0.6470588235294118,경대수,1958
미래,0.35294117647058826,경대수,1958
농어촌,0.35294117647058826,경대수,1958
농림,0.8235294117647058,경대수,1958
수산,0.47058823529411764,경대수,1958
지역,0.47058823529411764,경대수,1958
창조,0.35294117647058826,경대수,1958
국가,0.5882352941176471,권성동,1960
부장,1.0,권성동,1960
특례,0.5882352941176471,권성동,1960
사람,0.7647058823529411,권성동,1960
해양,0.7647058823529411,권성동,1960
소방,0.5882352941176471,권성동,1960
아동,0.6470588235294118,권성동,1960
농림,0.8235294117647058,권성동,1960
지방자치단체,0.5882352941176471,권성동,1960
벌칙,0.7058823529411765,권성동,1960
상고법원,1.0,강창희,1946
도청,0.3333333333333333,강창희,1946
모집,0.3333333333333333,강창희,1946
대법원,1.0,강창희,1946
관할구역,0.3333333333333333,강창희,1946
일본,0.3333333333333333,강창희,1946
자위권,0.3333333333333333,강창희,1946
기숙사,0.6666666666666666,강창희,1946
입학,0.3333333333333333,강창희,1946
정부,0.6666666666666666,강창희,1946
통학,0.3888888888888889,강석훈,1964
부장,1.0,강석훈,1964
정보,0.5555555555555556,강석훈,1964
사람,0.5555555555555556,강석훈,1964
해양,0.5555555555555556,강석훈,1964
교육,0.5555555555555556,강석훈,1964
농림,0.7777777777777778,강석훈,1964
수산,0.4444444444444444,강석훈,1964
어린이,0.5555555555555556,강석훈,1964
버스,0.3888888888888889,강석훈,1964
대학,0.34375,강은희,1964
청소년,0.75,강은희,1964
부장,0.53125,강은희,1964
사람,0.75,강은희,1964
지역,0.34375,강은희,1964
학교,0.5,강은희,1964
교육,1.0,강은희,1964
아동,0.5,강은희,1964
농림,0.4375,강은희,1964
지방자치단체,0.3125,강은희,1964
창조,0.2962962962962963,강석호,1955
부장,0.6666666666666666,강석호,1955
자치,1.0,강석호,1955
도지사,0.6296296296296297,강석호,1955
해양,0.4444444444444444,강석호,1955
자동차,0.37037037037037035,강석호,1955
농림,0.5555555555555556,강석호,1955
평가,0.2962962962962963,강석호,1955
기금,0.2962962962962963,강석호,1955
수산,0.2962962962962963,강석호,1955
금치산자,0.5925925925925926,강창일,1952
중소기업,0.5925925925925926,강창일,1952
국회,0.48148148148148145,강창일,1952
지방,0.5185185185185185,강창일,1952
자동차,0.4444444444444444,강창일,1952
위반,0.4444444444444444,강창일,1952
학교,0.4444444444444444,강창일,1952
치산,0.8518518518518519,강창일,1952
지방자치단체,0.5555555555555556,강창일,1952
벌칙,1.0,강창일,1952
개인정보,0.35294117647058826,강길부,1942
과학부,0.35294117647058826,강길부,1942
창조,0.47058823529411764,강길부,1942
부장,1.0,강길부,1942
사람,0.4117647058823529,강길부,1942
해양,0.4117647058823529,강길부,1942
미래,0.35294117647058826,강길부,1942
교육,0.35294117647058826,강길부,1942
농림,0.8235294117647058,강길부,1942
수산,0.47058823529411764,강길부,1942
추천,0.5789473684210527,강동원,1953
중소기업,0.7368421052631579,강동원,1953
청소년,0.7368421052631579,강동원,1953
정보,0.8947368421052632,강동원,1953
사람,1.0,강동원,1953
근로자,0.7368421052631579,강동원,1953
지역,0.631578947368421,강동원,1953
아동,0.631578947368421,강동원,1953
국회,0.8421052631578947,강동원,1953
학교,0.6842105263157895,강동원,1953
청소년,0.48148148148148145,강기정,1964
실태조사,1.0,강기정,1964
국회,0.5185185185185185,강기정,1964
사람,0.5925925925925926,강기정,1964
근로자,0.5555555555555556,강기정,1964
금융,0.6666666666666666,강기정,1964
자동차,0.4444444444444444,강기정,1964
위반,0.5185185185185185,강기정,1964
아동,0.4444444444444444,강기정,1964
기금,0.5555555555555556,강기정,1964
